biibbble, 0.000319284802043
bikiwofupor, 0.00529100529101
bilaltanriverdi, 4.00930157966e-05
billgates_s, 0.000110436223081
billgatesminds, 0.00117647058824
BILLYTHEBORG, 7.69408324998e-05
bimabuharuzo, 0.00740740740741
bintaderah11, 3.24023070443e-05
BiographyArchiv, 4.89979910824e-05
bitememarketing, 0.000654022236756
bivepuqazudo, 0.00414937759336
biwymyvywyl, 0.00361010830325
BIZZZLED, 0.00917431192661
bkl_saraha, 0.000269251480883
bl_beat, 8.64834946251e-06
blahblahfish, 0.000696378830084
blakesheltonf, 0.000817661488144
BlessingOfPeace, 0.00138696255201
BlindmanMusic, 0.000330578512397
blinkk_lyrics, 0.00019267822736
BlogYourWorld, 6.77442519002e-06
bloodedrejoice, 0.000776397515528
bluechipbiz, 8.74737578726e-05
bndr0043, 9.25132710287e-07
BluntChick, 6.5193298129e-05
Bnt_abOooOy, 0.000909090909091
Bntmahmd, 0.000181587071001
Bo4Saleh, 1.69439831916e-05
bo_tlo, 0.00066889632107
boastfultrickle, 0.000716845878136
BobMarllley, 0.000154894671623
bocceeek, 0.000674763832659
bod_21, 0.000275254610515
bodyhealthy10, 3.84600592285e-05
BofA_Help, 1.42029314851e-05
bofajiritug, 0.00393700787402
bojsoom50, 3.30425588158e-05
bojuxozufuf, 0.00549450549451
bokaled_q8, 5.60616678346e-06
bold_kwt, 4.70481961722e-06
bookbandar, 8.40470327195e-06
BookQuotesHere, 1.35995212969e-05
boOo7__3, 1.17742638142e-05
bornngrier, 4.68955167886e-05
bosicusolave, 0.00813008130081
BoSultan2006, 7.92813934498e-06
bot_o_, 0.00027114967462
boudy99, 0.000423370025402
bowyangplonk, 0.000905797101449
Bozzy60, 0.000243309002433
bradaizz, 5.05996053231e-05
brandisimms3518, 0.00291545189504
BrandyEWeld52, 0.00347222222222
Brg_q8, 3.1685778472e-06
brhomy13061053, 0.00510204081633
Brianneiau, 0.000132573246719
BrianRayve, 6.0350030175e-05
BrittniRamsey, 0.0212765957447
brodcaaast_, 0.000235349493999
BrookieSykes462, 0.00153374233129
BrooklynsDodger, 2.90630086027e-05
browns_mania, 0.0001411831145
browntown113, 0.000676589986468
bsb009, 3.2439095598e-05
bshayeralenezi8, 8.32431532506e-05
bsmtk_1, 1.02949503269e-05
BStinsonPage, 6.83106769588e-05
btaaal444, 1.70735871607e-05
BTCare, 1.34210173131e-05
BTSAcademy, 0.000384024577573
bubylovorypo, 0.00568181818182
BuddhismTeach, 0.000267165375367
budizagibac, 0.00531914893617
budumexivymu, 0.00357142857143
bugoos123, 8.28706389326e-05
BupaArabiaCare, 6.78058041768e-05
burakyigman, 0.00153846153846
Bush143, 0.00088809946714
busopyhucaqa, 0.00438596491228
Butlers8, 1.18671824935e-05
buvahaxydeby, 0.00413223140496
buykaka, 0.0166666666667
bwabt, 5.05637862163e-05
byjuberokowa, 0.003663003663
c9ttt, 1.69774386817e-06
C_6611, 3.32234743781e-06
c_machovsky, 0.012987012987
CabilingB, 0
cacyrifoqyl, 0.00350877192982
cafeqahimof, 0.00383141762452
calacuayoMX, 2.81096275474e-05
CAllstadt, 3.04423270115e-05
callumx5sos, 0.0625
camscent, 0.0105263157895
cancerscopehere, 0.000158654608916
cannamedgardens, 4.17048961548e-05
CardenaDenis, 3.60516259283e-05
carlosmans68zqb, 0.000610500610501
catalinacataa2, 0.00970873786408
catherine_derek, 0.000283045570337
catugegutif, 0.015625
cb9fa03fe659425, 0.000575043128235
cbnbbbbdvhbbd, 0.00546448087432
ccarrillosports, 8.38222967309e-05
cccyccc, 2.85279845264e-06
CChristGarcia, 0.000613120784795
cctt45, 0.000162022034997
ceeelebrity, 0.000230096640589
cejegaranyv, 0.00373134328358
Celia_Carson, 0.00110619469027
CelinaClarkson, 0.000745712155108
ceripoole66, 0.0178571428571
cexehykodica, 0.00358422939068
cezvaz, 0.2
Cffcentralflor, 0.00357142857143
cfsunravelled, 5.51937299923e-05
chadcel07, 0.00653594771242
cheercongress, 0.000810372771475
Cheq8q8, 1.47399142137e-05
chernishew2, 0.000657462195924
chi_bulls, 0.00021978021978
ChickenInca, 0.111111111111
chikitaviolenta, 3.37837837838e-05
ChineduNwuzor, 0.142857142857
chippsdelight, 3.61219476954e-05
chitoboxito, 4.26785028381e-05
chris_thrall, 2.52105077396e-05
ChrisHarrisen, 0.000664451827243
chrmllssp, 0.000841750841751
chunjaibabi, 0.000560852495794
cinitecotero, 0.00413223140496
CintraLanguage, 0.00121065375303
ciro2compositor, 8.98149811389e-05
ciroboxahoz, 0.00404858299595
cityslicker_me, 0.000162919517758
CJcomputersNC, 9.86699293523e-06
clariceb26, 0.1
ClaudyTheArtist, 2.19881703643e-05
Cliffemount, 0.000473260766682
closedgroan, 0.000621504039776
cocco3389, 0.00111731843575
cockalorumnull, 0.000782472613459
codebipiwyfu, 0.00602409638554
codemekonaji, 0.00371747211896
CodeNonProfit, 0.000105407399599
cojabarifoq, 0.010101010101
CollegeInsurrec, 0.000193610842207
CollegeLifeShop, 3.60243524623e-05
colol2, 1.6582097967e-05
coltford, 3.34813207711e-06
ConcertBlogger, 5.03626107977e-05
Conservative_VW, 2.37619998099e-05
ConsumersKenya, 2.28832951945e-05
cooooomedy, 0.000148434021078
Coriumy, 0.000511508951407
CornetteCollin, 0.000715819613457
CountryMusikMan, 0.000178094390027
Couponathon, 0.000183318056829
crazyda2, 0.000232180171813
crazymofoke, 0.000458926112896
crichadaneteh, 0.00757575757576
CrooksKaiservvx, 0.000430663221361
crowsthrowing, 0.000838222967309
CrusaderIntel, 0.027027027027
crushkosicrush, 0.00507614213198
CU2MRO, 4.84966052376e-05
cubatujevel, 0.0034965034965
cubofexoryp, 0.0078125
cujikododomy, 0.00371747211896
Culo_Perfecto_, 3.04767477653e-06
CurriePlays, 7.02493853179e-05
Cute_Twins_21, 0.00819672131148
cutefunnyjok, 5.61734636558e-05
CutestAnimalsPi, 1.78154673888e-05
cvvvgn, 0.0384615384615
cycisolozoci, 0.00369003690037
CynthiaSegal, 6.23904268129e-06
cyqypoquqeny, 0.00531914893617
cywazabijuq, 0.0036496350365
d1_pp, 0.000132257637879
D3m_osama, 8.35561497326e-05
D7_9R, 6.19352281384e-06
d7mi01, 5.80170918353e-06
d7my119, 7.08305591364e-06
d7omii77, 0.000226757369615
d841eeec0969412, 0.125
d8d66e5275d64c3, 0.0227272727273
da_good_pokemon, 0.00263852242744
Dabru123, 0.00224719101124
dacygehuquda, 0.00694444444444
dacylyhapene, 0.00555555555556
dadibykixih, 0.00653594771242
dadijedydavu, 0.00529100529101
daf3a3c5f6c4480, 0.00549450549451
Dagdoug51, 0.00653594771242
DailyBaes, 2.62343249908e-05
DailyPrayerLife, 7.81311039925e-05
dakucoqyhemy, 0.00341296928328
dalaa00, 2.31706751935e-06
Daminous_Purity, 8.74432384079e-07
DamntsTRUE, 5.95022045567e-06
DanaK5511, 0.00305810397554
dangersp8, 0.000125881168177
DaniDanikhan666, 0.0133333333333
Daniel_Lerch, 0.000175716042875
danielsLondon, 2.64354446442e-05
DannetteGilcher, 0.00303951367781
dantimbol, 0.000231910946197
dapezupotyc, 0.00390625
dare_villas, 0.00268817204301
darydehysag, 0.00540540540541
DasySyda, 0.010752688172
DaTattooGod, 0.00129533678756
datblaxican, 5.08207551964e-05
DatingOnPurpose, 0.000117522623105
davediehl66, 1.46391450739e-05
davenbill, 0.000186741363212
DavidCalarco, 0.000102870075095
DavidFida, 3.88470204335e-05
DavidJPyle42, 0.00523560209424
dazfish99, 0.00467289719626
Db1985Yosf, 0.0121951219512
dco5103, 0.00123001230012
ddah2010, 7.41125027792e-05
deadcraz, 0.00699300699301
debatebreak, 0.000950570342205
DebbieAnnSays, 9.64692263168e-05
Deberryuwy, 0.000172651933702
ded3344, 0.000599520383693
deepsute, 0.000737463126844
definechief, 3.39604700129e-05
DellCaresPRO, 0.000108260257659
delpinoclaudioj, 7.01852891634e-05
DemissieHaile, 0.000658761528327
DemriEml, 7.00819959352e-05
deontaimoore2, 0.00181818181818
Designer_Momen, 1.82548375319e-05
Details_, 0.00109170305677
DetBetteHotel, 0.00123304562269
dftyfd, 2.29779411765e-05
DGFoord, 8.61994655633e-05
DGhanma, 4.4144263453e-05
Dh_119, 8.27821422363e-06
dhoom8992, 0.000215889464594
DHOOM_al_malki, 3.77600724993e-05
DiaJacobss, 0.000967117988395
dianachelyn, 0.0384615384615
Dillon_Witt, 3.03923654378e-05
dinety_ant, 3.64630811304e-05
diphthongcluck, 0.00098814229249
DirtyAffairsUK, 2.19678829551e-05
discreetLibrary, 0.000266169816343
DiseaseSymptom, 5.96694313503e-05
disneylandwrlds, 0.000241138172173
dixowosapaj, 0.00591715976331
disneytomeigen, 0.000394321766562
DivaValent, 0.00854700854701
DJBradHouston, 0.000345423143351
DjJealousy, 0.000222866057499
dl3_3773, 2.0814686843e-05
dl3_____7777, 5.41565123206e-05
dl3saudia, 5.51602404986e-05
dlmstyles, 0.00274725274725
dloomey, 0.00561797752809
DMLjewellery, 0.000991080277502
dmygrills, 0.0357142857143
do555do1, 3.14376434342e-05
Doa836, 0.00021815008726
dofelubuxasa, 0.0042194092827
dogetutadajo, 0.00961538461538
DogGoneMissing, 0.000746268656716
dogival844, 5.30110262935e-05
dole132, 0.000541711809317
donumlnotol, 0.00847457627119
dosiwicubet, 0.00361010830325
douzy990, 0.0014409221902
Dr_5w6r, 1.90802189646e-06
Dr_Fawziyah, 0.000394166338195
Dr_MohKhrais, 0.000112220850634
drahmadalsaleh, 0.000119645848289
DrAliAlrabieei, 4.03748400147e-06
drbsinsa, 0.00158478605388
DreamANiqhtmare, 7.04374163556e-05
Dreeelal, 3.31323305281e-05
dreem5900, 0.00015229972586
DreGotti, 0.111111111111
drissawaked, 1.92464625002e-06
drrr1111, 1.87913409501e-05
Drumheadmag, 4.28485731425e-05
dubai4world, 3.13459971162e-05
dudolocilowe, 0.005
DuelRevolution, 0.000135611608354
Duff271Paul, 0.000783699059561
dugacyzaleho, 0.00434782608696
dukylinutujo, 0.00325732899023
dulayremy, 1.97745699031e-05
dumiluculyxu, 0.00418410041841
dusojadeqek, 0.0037037037037
dVIPb, 7.48951467945e-05
dycejocipame, 0.00529100529101
dycycyzubeso, 0.00442477876106
dygobowalaxe, 0.0078125
dylankerdudo, 0.00574712643678
dyvefonavudo, 0.00497512437811
dyvufyquvep, 0.00322580645161
dyvyjuhyfuja, 0.00694444444444
dywulegesuk, 0.00367647058824
Dzakydhitya, 1.85935814957e-05
e189sal, 5.32793435985e-05
E3LAN_S, 1.19058957996e-05
e41d9fa397b6475, 0.0384615384615
e507357210, 3.14366551399e-05
e7sas673, 0.000363372093023
e7sas_uae1, 0.000668002672011
e_shammari, 6.38202820856e-05
eaeaeaea1515, 1.27143965112e-05
ebook_askep, 0.000172028212627
EbzcWO4iB1qZNN1, 1.0
edere4421, 0.015873015873
EdgarAlllenPoe, 0.000385505011565
EDGARDOGARCIASA, 9.23616883717e-05
EdmondsonHenry, 0.0232558139535
EdnaLoyo, 0.010989010989
EdwardAshton30, 1.38523341183e-05
edwardcatherin1, 0.0128205128205
eebbrr0090, 0.000157084511467
eehdszG, 0.25
efbausor, 0.000656167979003
efficts, 2.82158285155e-06
effluviumfizz, 0.00087489063867
EissaAliAlTaher, 0.000186950831931
EizoAsmri, 0.000374391613628
el_koracom, 1.26009652339e-05
Elelmorte, 0.00098231827112
Elissa_Holics, 4.75352949565e-05
elkoraapp, 9.47149081265e-05
elkorabundeslig, 3.48492768775e-05
elkoraCalcio, 2.67730448984e-05
elkoragulf, 0.00010104071941
elkoralive, 1.73286199487e-05
elkoraPL, 1.57143755107e-05
elkorasaudi, 2.39900201516e-05
elkoraspain, 1.61616161616e-05
elkoratv, 4.16163802072e-05
elkoraucl, 3.05950741931e-05
elkoraxelkora, 5.59033989267e-05
elliesangelwing, 0.000106247343816
ElliesQuill, 0.0117647058824
ElLobo0815, 4.88114414019e-05
ElmiDhigal, 0.000129182276192
elvis5661, 0.0196078431373
EmadAlShweikh, 1.81504673745e-05
emadmonshi, 0.000601322910403
emadrezvan, 0.0125
EmilyAtkins_, 5.81462960809e-05
EmilyBennnett, 9.93640699523e-06
EMRAAN1965, 6.23596906959e-05
enadenad20, 2.58986172728e-06
enchantedmoo, 0.00101317122594
Eng_Anwar_Malek, 2.3716352425e-05
EOc9rPE3txaa9lr, 0.00166666666667
epaonedirection, 0.0147058823529
eReferenceDesk, 2.39108603128e-05
erenalp_ern, 0.125
ertbon, 0.00220750551876
EscapistMusic, 0.0004500450045
ESESHBR, 0.000137665198238
esraaabed391, 0.000716845878136
Essa5106, 9.22441148255e-06
esterka12345901, 0.00146627565982
EtaamRiyadh, 0.000544959128065
EthanCramer, 2.16117619853e-06
eva_lee_ray2, 0.00252525252525
eva_upton, 0.000403225806452
EviaaDemo, 2.50482178193e-05
ExplainTech, 6.03209072264e-05
exxe6116, 6.33392449962e-05
eyeballnoddle, 0.000715819613457
f020f, 0.000607902735562
f054444, 2.10504157457e-05
F15O0, 5.30093402458e-06
f16_f15, 8.0863623499e-06
f16x4, 0.00059880239521
F4WWDiceman, 4.95000495e-05
f6a45f0fd3cb4b0, 0.00279329608939
f99ii, 3.93466875991e-06
F_____ais, 3.12246299881e-05
f_k84, 3.29945888874e-05
f_o_f_20, 0.00621118012422
fa1122334434, 2.51673629637e-05
fa_al_dossry, 0.000677048070413
FA_KSA11, 7.08516366728e-05
fa_ma_q, 0.000231642344221
faaash017, 3.82643299916e-05
Faahdd5, 9.68926526302e-06
FabrinnyDrew, 0.00201612903226
facebookhot492, 0.00072939460248
facesoflovers, 3.87566855283e-05
facts_of_god, 0.000578034682081
fadipisafyz, 0.00840336134454
faf_100, 5.21419930755e-06
fafa555777, 1.98047254075e-05
fahad00024, 0.000569476082005
fahad056500, 0.000120467413565
fahad_4850, 0.00157232704403
Fahad__R_20, 4.05811216622e-05
fahad_A_fahad, 2.68146837208e-05
fahad_alfaify11, 0.000136873802354
Fahad_Almn9or, 4.10222750954e-05
fahad_alzhranii, 5.61293219578e-06
fahad_kuw_501, 6.68851581834e-05
fahadku1, 5.51632833186e-05
fahads1238, 6.22781341471e-05
faheer_sheikh, 0.000454959053685
FahhadOnazi, 0.000313676286073
FAISAL__KSA1, 3.21480352728e-06
Faisal_Almatrfi, 4.57251552369e-06
FaisalM66, 9.59370652852e-07
fajadugureza, 0.00371747211896
fakingitfam, 0.00277777777778
fakryst, 0.000802568218299
falah_sharari, 0.000255558395093
falchoufi, 0.000139178844816
Falcon_kuw, 3.88990026296e-06
FALEH1312, 6.64187035069e-05
famousquotenet, 9.58478702603e-06
fanalknafh, 1.41717330612e-05
fans_alhiilal, 6.2177454455e-05
FantasyFbRoto, 0.00369003690037
faraas85, 0.00125
faraigift, 0.00243309002433
Fares58885, 0.000581395348837
FARES68201521, 7.101264025e-05
fares970, 1.59974404095e-05
Fares_W98, 4.06901041667e-05
FarmersMkt_BN12, 0.00414937759336
fashirw, 0.00515463917526
fasion2013_2014, 6.69344042838e-05
fastboyslow, 0.000148192056906
fatihufumen, 0.005
FATJOSH937, 0.000116631677164
fawaz5alotibi, 8.57699136297e-06
Fawaz_S_Harthy, 1.5853387869e-05
FawazK2011, 4.92780761839e-05
fawulylypif, 0.0028818443804
fayez1_, 9.25591684484e-06
fayezALJohani, 0.000682593856655
faysal_alutiby, 0.000311332503113
fayyazahmadlak, 0.00239234449761
fayzshamr, 7.51427712654e-05
FBMKeith, 0.000485672656629
FD_193, 0.000611246943765
fdash882, 0.00167504187605
fdfd_11, 0.00022040996253
febutysezoso, 0.00420168067227
fekuxopeqyro, 0.0049504950495
ferasf7474, 0.00019727756954
fernandezjamsk4, 0.00602409638554
ferreirakind, 0.0106382978723
fesebopomym, 0.00381679389313
feto201, 3.18938572431e-05
fevolefujici, 0.00311526479751
fewohokejuj, 0.00606060606061
fewusutisygy, 0.0108695652174
ff00z, 0.000304971027752
ff_ff134, 0.000691085003455
ff_kalaba, 0.000181884321571
ff_retweeet, 2.82326369283e-05
FF_RV, 3.51525974254e-06
ffaa386, 1.94666147557e-05
ffasnrgw, 0.00348432055749
ffff5555003, 0.00390625
ffvdfbseh3, 0.0113636363636
fgjgf35662, 0.00130718954248
fgooou, 0.0357142857143
fh381, 1.55421892728e-05
fhardy221, 0.00666666666667
Fhhf88Q8, 0.0108695652174
fhoood_2012, 0.000137098985468
fidubapexaqy, 0.00641025641026
fiedameespo, 0.000567214974475
fieryplop, 0.000683994528044
fifa_ahli, 7.02888873269e-05
figuremallcom, 0.000478011472275
findingnemo_fan, 0.00198412698413
FIowerOfLove, 0.000223813786929
FIRREV, 0.000254388196388
Fit2Motivation, 8.55614973262e-06
FitnessBestLife, 8.63110650785e-05
fitnessgirldail, 5.12610211195e-05
fixubosuquco, 0.00413223140496
fizoponagic, 0.004329004329
FizzyDaHustler, 0.000665335994677
fjfvh6, 0.000862812769629
fjskfkc, 0.0036496350365
Flash907, 1.71092252943e-05
flashgiglet, 0.000965250965251
flashingfactz, 0.000338868180278
flaxstep, 0.000947867298578
flogvit, 8.18129755379e-05
FlyAmericaChad, 3.60074895578e-05
FmVooode, 0.000390625
fnan_alkht, 4.03903321701e-06
focagosukyk, 0.00395256916996
Fof446, 0.00281690140845
fofo05781999, 0.00101419878296
foibleswhizz, 0.000863557858377
FolkRemedy, 4.00560785099e-05
follow120sougo, 0.000520291363163
FOLLOW_MY_WORLD, 0.000217013888889
FollowMe4Luck, 0.0017094017094
foqefarozalu, 0.00546448087432
for_pittys, 0.000593119810202
forexontrade, 0.00107296137339
Foryoudady_, 6.41066735047e-05
Fotoun79, 0.000284333238556
foundbyash, 0.0116279069767
FounderSupport, 2.77377121935e-05
fox_india, 0.00167785234899
foxxxyfuck69, 0.00201207243461
fozyhussin2, 0.000763941940413
francisco000601, 0.0019801980198
FranckAkuta, 0.00418410041841
FranklinWYoung, 0.000281373100732
franniewd71, 0.00210970464135
FreeBeastBitch, 0.00114810562572
freefifa14pl, 0.0172413793103
FreeMusicCh, 0.00154320987654
frfosh78, 6.02191978803e-05
fromcelebrities, 0.000259000259
FromTheWax, 0.00017608733932
FSC_Mino, 0.00389105058366
ftaashari, 0.000107158165452
FuadAnwar06, 2.21219361118e-05
FuckFeelingsAMP, 1.24881362705e-05
FundacionSolmar, 0.000473709142586
funfunnfun, 0.000194061711624
FunnyTedBear, 2.67393978288e-05
FUT_Fi, 2.54829009734e-05
FUT_HERO, 4.57770656901e-05
Futebol___Mania, 0.00261096605744
Fwaz122Hh, 3.30709703023e-05
fybomevarice, 0.00564971751412
FYFeeling, 1.44104677638e-05
fyoozhsonh, 0.00751879699248
fytuxywobaf, 0.00606060606061
fywabalonud, 0.00609756097561
G_G_I, 3.99329127067e-05
ga_nyu_niconico, 0.000125801987671
gabol00, 6.77460876634e-05
GabsloveCamila, 0.000172950536147
gad7aa, 0.000592417061611
GadaGadah200, 0.00724637681159
gaduqufavif, 0.00359712230216
Gamerz321, 0.000179920834833
GamingClear, 0.00751879699248
gamma_ray239, 4.8671274214e-05
GandhiiQuotes, 0.000121550990641
GapJumpers, 0.000299222022741
garacacedoku, 0.003663003663
GardhamDouglas, 2.12318732882e-05
gassankryeem, 0.000156323276536
GaStcoins, 0.012987012987
gasucujucyre, 0.00662251655629
gatyhixocog, 0.00359712230216
gavindelphino, 0.25
gawytiwalimy, 0.0166666666667
gdrugjkkgffh, 6.42549636959e-05
GdyWlOlK2J0KMRQ, 0.00347222222222
gecabahuhota, 0.00448430493274
geekyfordallas, 4.88042947779e-05
geezerspur, 0.000685871056241
gehepyzirudi, 0.00819672131148
gemocyhibaze, 0.004
GentleHandbook, 2.06773913403e-05
gepitydehapy, 0.00709219858156
gesebusutol, 0.00389105058366
getehudyqup, 0.00369003690037
getfappening, 9.3205331345e-05
gg8888888gg, 0.00193423597679
gg89_9, 0.000191497510532
ggfhj26, 0.000191314329443
gggrts, 0.00115074798619
GGodeonrh, 0.00110497237569
ghalebsalem57, 0.000321027287319
ghamdico, 7.82840144043e-05
ghareb77, 8.84173297966e-05
ghasap_alfraj, 6.11209583766e-05
ghiejhey_017, 5.55154610559e-05
gikutocicyta, 0.00487804878049
Ginny_Zahnke, 0.000102774922919
giraffeIrh, 0.0181818181818
GirlCodeAPage, 6.13308800981e-05
GirlsSaidThat, 4.04759977333e-05
GITIN_M0NEY_618, 2.91842988472e-05
GiveBigSmile, 2.76311790224e-05
Givner_Kaye, 0.00110375275938
Gloria_Maele, 0.0108695652174
GNS3Vault, 0.000106791969244
GnwPn, 0.000474383301708
go0og987, 0.0010111223458
goat_girl39, 0.00240963855422
gobafinehozy, 0.00381679389313
godswombs, 1.68268017298e-05
GodsWordIsFree, 8.10832725209e-05
goldmask954, 0.000325520833333
golesyf, 0.000714796283059
golken2014, 0.00020487604999
Gomaty89, 0.000116144018583
Goodkindles, 1.38278160347e-05
GoodLuck4Harry, 0.00456621004566
googlefctsa, 0.00177619893428
googlr851, 3.81300999009e-05
googoo_202, 0.000651890482399
goooood111, 2.55741394302e-05
gopokervideos, 0.000407000407
got__wisdom, 6.98958551758e-05
govisk801666, 0.0042735042735
GQ45, 3.30567584543e-05
Gr0m0208Serega, 0.0030959752322
grasswire, 9.16993727763e-06
grct33, 0.0588235294118
Great_MomsMag, 0.000515463917526
GregAtkinson, 2.18197687105e-05
griffinjoshua55, 0.000418235048097
GRIZZAVELI, 4.60023921244e-06
Groooup_1999, 9.11577028259e-05
GrowthHackers, 1.05869399509e-05
Grp_Ghr, 8.82378893497e-05
GrumpyCatsMind, 2.1620686673e-05
gry7_alsamt, 6.21349571269e-05
gsty_14, 3.81723098065e-05
guavaabaft, 0.00104821802935
guparanujys, 0.00406504065041
GustonDKI, 9.84542679925e-05
GwailoDragon, 1.00836946657e-05
gybuhicizuli, 0.00383141762452
gymyjovRol, 0.00109051254089
gyqylilyliko, 0.00420168067227
Gz22z, 6.51805501238e-05
h15152, 0.000853242320819
H17Ksa, 0.00398406374502
H1N_2, 9.62871668464e-06
H1N_4, 1.61451774355e-05
h1shm, 2.75565598391e-05
H7__O, 0.00105596620908
h_6899, 0.000342114266165
h_akhbar, 4.71011591595e-06
H_PITT206, 6.45953103805e-05
hadi_a335, 0.00162866449511
Hadi_qna9, 3.31345261763e-05
HadiAlmosawy, 0.000410004100041
hagefigixuw, 0.00342465753425
hahts, 6.60851176315e-05
halababecype, 0.00641025641026
haldaned, 0.1
HaleyLHughes, 0.00103199174407
halldwhifouend, 0.000534188034188
ham0o0ody7, 0.00010041168792
hamad9009h, 9.16002564807e-06
HAMAD_ALHARBI_1, 0.0015503875969
hamadi3399, 0.000488758553275
hamdanalemrati, 0.000120148984741
HamdySuhayb, 0.00132978723404
hamed93twitte, 1.27034134072e-05
hamed_alatwi, 1.54925867972e-05
hameedjan11355, 0.25
hammad3032, 0.000525210084034
hammoud1414, 8.90733697347e-06
hamoode1966, 2.38055562168e-05
hamooodi9798, 0.0243902439024
hanadi707, 1.05180120957e-05
hanan7no, 0.012987012987
Haneen_alhosani, 0.000177147918512
Hanhwt, 0.000107921433197
hanialanezi1, 0.000584795321637
hanialmathkoor, 1.56968621972e-05
Hanoody777, 0.000928505106778
haooo331, 0.0108695652174
happines_guru, 0.00014194464159
happymania20147, 0.000503524672709
happytoushi2014, 0.000501504513541
hapshefifswiber, 0.000537634408602
Hardiiiaaa, 0.00526315789474
harewyjakygo, 0.0045045045045
harrasmourn, 0.0009765625
harry_ppotter, 0.000128882587962
HarryOnTakeover, 0.00337837837838
HarryStyles9409, 0.000363372093023
harrystylesds, 0.000314861460957
HarunARABACI, 1.20193752329e-05
has51an, 0.00729927007299
hasahh12, 0.000650195058518
HashArabianG, 6.48557640236e-07
hashem_alsoudi, 6.36658814541e-05
hashtgareed, 0.000121595330739
HaSSaN_0557, 1.07928421871e-05
HauntedHour, 0.00016337199804
hawa_world, 6.05950433255e-05
hayrana2013, 0.000443458980044
hazmi502, 0.000302663438257
hbahb, 0.00098231827112
HDarist, 1.0786206599e-05
hdoi54, 0.00139082058414
healthforppl, 3.2384468409e-05
Healthy_FitLife, 2.82901437139e-05
healthyliveways, 2.15294522907e-05
Heidi_Steinke, 9.13325417846e-05
HektorTuring, 0.000567536889898
Hem_75487, 0.0133333333333
hemaeltop875, 0.0116279069767
hemmocompleteme, 0.0030303030303
henoqyrewup, 0.00373134328358
hepatizebypy, 0.00375939849624
herbertmatteie, 3.32005312085e-05
hesson4433, 0.000163105529277
HeyJorgistas, 0.00704225352113
hezifipasono, 0.00331125827815
hfh141hh, 3.91634683168e-05
hh__678, 0.000628140703518
hh_c9, 1.19057540509e-05
hhaassnn173, 0.00584795321637
hhsojf, 0.0011961722488
hhssa7777, 2.03458799593e-05
hifopanisyl, 0.00140845070423
hilalimutire, 4.6924123692e-05
Hilayoon, 3.93050860781e-05
HILLALYH1957, 0.00153846153846
himanshufanof1d, 0.00813008130081
hinacowenyn, 0.00367647058824
HipHopCongress, 0.000509424350484
hiqifezivaz, 0.00350877192982
HKR__999, 0.000219828533744
hmadalabdali, 2.58685360995e-05
hmnb444, 4.95522950145e-06
hms111122, 2.17348779587e-05
Hn_hn11, 0.000603136308806
HnanFs28, 0.00162601626016
Hnnh195, 0.000677506775068
hnooooooo2014, 4.96943795657e-05
ho_kaak, 8.69943453676e-05
HollandBack, 0.00182481751825
Honeyalaordia, 0.000647668393782
HoodAlqhtani, 0.000998003992016
hoodieatches, 0.00487804878049
HoOoR_115, 0.00121065375303
HopeInHearts, 9.6497153334e-05
HopsonRedmanptf, 0.000430292598967
horpesalm, 0.01
hosam12125ddkm, 0.00662251655629
HotGirlsPicsss, 4.4557322996e-05
HotGrannies, 2.45784790837e-05
HOUSEHOLDSTRESS, 1.70899271969e-05
howupimajiwe, 0.00699300699301
howwemeetlove, 2.69752636832e-05
hraaaaag, 0.00363636363636
hrab30, 0.000391389432485
hsaaaj, 1.75675913076e-05
Hsanaat, 9.68054211036e-05
HstsKom, 6.20886626102e-05
hudaaljaser, 4.87828674569e-05
hukepyjuciwu, 0.00414937759336
huketovezady, 0.00408163265306
hukiecom, 0.000139958012596
HuntellaDotNet, 1.55009920635e-05
hurtcheep, 0.000850340136054
husojowumim, 0.00512820512821
husqht99, 5.81057524695e-05
HusseinBinLafi, 0.000148235991699
hussiin833, 7.74659343554e-06
hvcc96, 3.0647583438e-05
hxzzamanbunhun, 0.000477099236641
hypobyxicefa, 0.00613496932515
i3e999e5, 0.000731528895391
I_Abdullah101, 1.98456012225e-05
I_HATE_VA, 3.78871115624e-06
i_Katreen, 0.000173852573018
i_love_you000, 0.142857142857
i_makahla, 1.08590602569e-05
I_S_I_A_G, 0.000137174211248
I_weelly, 0.000113263110205
iAboHya, 2.0980634874e-05
IamDemiGrace, 8.02503811893e-05
Iamjaydiz, 0.000521648408972
iamleonbwayo, 0.0140845070423
iammarkcantre, 0.000152835090937
iAnotherMyth, 0.000320307495195
ibdatop, 7.67400813445e-05
Ibr_Mohammd, 8.50123267874e-05
ibra7770, 0.00177304964539
ibraa000, 1.92722787542e-05
ibrahimalhejji, 1.63007156014e-05
Icelandair, 1.54717331435e-05
icepack9999, 2.22890894907e-05
identicalporpoi, 0.000720461095101
IfollowbackTees, 0.000349895031491
igot7_MarKP, 0.0526315789474
ii1n1, 6.04521823238e-05
ii__M2, 0.000954198473282
Iiii11i11, 2.12752377508e-05
iiyfzx, 0.00175438596491
iJuanmaOficial, 4.51159706024e-06
iloveharrrrry5, 0.00552486187845
iM989, 8.42389015247e-05
imam_2013_, 0.000644329896907
imanawithfe, 0.00408163265306
ImaneMaftah, 0.00227790432802
IminlovetoOneD, 0.000868055555556
imo0e, 0.000245941957698
iMQarni, 2.68139647128e-05
iMussad_, 6.51822495698e-06
ImXy5L1p5LXOUbf, 0.0135135135135
inathancameron, 4.27549585063e-06
indie_music_lyr, 0.000149164677804
IndieGameDevBot, 0.000145158949049
IndieObsessive, 0.000389711613406
indiewombat, 0.000132766861391
infrx, 0.000585480093677
ingenierosfj, 2.83382452959e-05
Inka_nvi, 0.00268096514745
inkaseth, 0.000704225352113
Inner___Healing, 6.80318389006e-05
insa_raj, 0.0015923566879
insasi_456, 4.71764872388e-05
Inspiirationss, 0.00049850448654
intelligentLS, 4.32638227914e-05
INTMUSIC25, 4.54421521403e-05
iq_rad, 0.0384615384615
irenekalondu, 0.00250626566416
irish_jackie, 0.00220264317181
IrishGuyz, 6.86106346484e-05
irriissh, 0.000197745699031
irritatedis, 0.00070771408351
irrrish, 0.000132908027645
isabelcagulada, 0.03125
isabell6277, 0.2
iSaudMohh, 1.83046255789e-05
Islamiat_egypt, 1.46801920169e-05
isllllamrere, 8.63036161215e-05
isportsDave, 0.000161264312208
IsraelAwdren, 0.00148148148148
its_me_lolo, 0.0059880239521
itsClem_, 3.70397807245e-05
itsme_rheyahh04, 0.0126582278481
itsTEDpage, 4.41723428127e-06
Itzmarrwa, 0.000702740688686
Iyad2014I, 0.000157480314961
IzwadRozaify, 0.00248756218905
J0fMohammed, 4.54173857753e-05
J0R_A, 6.90970398828e-06
jaajaa200, 4.01026628168e-05
jaameel1374, 0.000204624514017
jaberr1398, 5.12384329238e-06
JadeEdwards99, 0.000290697674419
JadexDani, 0.00150829562594
jadyqitudoho, 0.0077519379845
jagomozygun, 0.00369003690037
Jaguar0904Ru, 0.000116713352007
jahacesyruc, 0.00564971751412
jahmadar, 0.00022040996253
JamalShaheen77, 5.55247084953e-05
JaMccuee, 0.000831946755408
JamesKerr125, 0.000750750750751
JamesPa72000890, 0.027027027027
jamiemateoo, 0.00184501845018
Janah_aa, 7.91264440576e-05
JAqeeli, 3.7043897018e-05
jasser1223350, 1.01621885289e-05
java___pal, 0.00390625
jay_z_lyricss, 0.000166085367879
jaya_decora123, 0.025
jayamrutia07, 0.000101646676154
jaydy2199, 0.00549450549451
jbieberation, 0.00108932461874
Jbird81Jane, 0.00305810397554
jdawgie24, 0.00609756097561
JDfenty, 0.000506072874494
jdfhfbh, 0.00694444444444
JeaniceKeesey, 0.00294985250737
jecefysabaj, 0.004329004329
JelaisaLazado, 0.00416666666667
jemalyncj, 0.0294117647059
jemproductions7, 0.00170068027211
Jena_Leadbeater, 0.000104920784807
JenLavina, 9.64785335263e-05
JeromelangSr, 2.19336725741e-05
Jerusalem_Post, 4.89291847909e-06
JessicaDrown, 1.31475151196e-05
JessicaLaspada, 0.00229357798165
JessycaGarcia2, 0.00355871886121
JesusBranch, 3.97867430572e-05
jetuzykylyr, 0.00416666666667
jfcivjfjfjijcb, 0.00140056022409
jhesziieca, 0.0123456790123
jhhhmkg, 0.000138908181692
jibalofucut, 0.00467289719626
Jim_Capie, 8.13272608979e-05
jimgarbi78, 1.78593752791e-05
Jimmyjoe11, 0.00134770889488
jinixefyfod, 0.00375939849624
jjdalcalde, 9.30925339788e-05
jjennifer_lopez, 0.000163907556138
jlandrews922, 0.00729927007299
jlferguson50, 2.33176327939e-05
jllillj, 4.28915786674e-06
jmsmo511, 1.66830716872e-05
jnrclgrms_31, 0.00027344818157
JNTL22, 1.29851579644e-05
jnubiah, 2.99598537959e-05
jnwne960, 0.000886524822695
Jobsourceco, 0.000968992248062
JohnLukeNYC, 1.48460464978e-05
JohnnyAlphaLion, 5.18161562775e-05
johnwaterlane, 0
Johny_18_, 1.63329304544e-05
johnyderom, 0.00302114803625
jojii_jojo, 0.0833333333333
JojoAlotaibi2, 0.000252525252525
jokuxonezugy, 0.00662251655629
jonadzy, 5.13821806597e-05
jonimecahor, 0.0036231884058
JooodXx, 0.000839630562552
jooooooj36, 0.000548546352167
joory_14_4, 0.000220945647371
josepaulinosan, 3.86458494358e-05
JosephAAyoub, 4.89955903969e-05
JoShPwlllInc, 2.20390532023e-05
JoshTheVINER, 9.08265213442e-05
JoshYOUTUBER, 0.000129718510831
Josse1D, 0.000600240096038
joumanaowili, 1.13097863581e-05
jovusifowez, 0.00357142857143
JoyReal13, 0.0277777777778
jra7_83, 7.50863493017e-05
jrmtm50, 3.07758594159e-05
jsojdkfjsnfkgm2, 0.00076103500761
jugagebetif, 0.003367003367
JujyLove, 2.32514880952e-05
jukymirowuza, 0.00367647058824
JulezPooh, 1.18464603961e-06
julia_crow, 0.00480769230769
jumaan_altalhi, 2.9534244957e-05
jumavonivovu, 0.00555555555556
junigovexipu, 0.0077519379845
JusPimpn, 0.000436871996505
Just21Girls, 3.15547000726e-05
JustAnimalPics, 6.51720542231e-05
JustDoltNike, 9.32957662381e-06
justice_factss_, 0.000974658869396
JustiinDanganan, 0.00380228136882
justin94z, 4.05910050333e-05
justinbiebererz, 0.000133743480005
justinbrigitte1, 0.00209205020921
justjustinzz, 4.06124355278e-05
juverohuhiru, 0.00529100529101
juvyyyyyyyyyyy, 0.000473709142586
juxesonikys, 0.00561797752809
jygixazatuti, 0.00393700787402
jyvehuretuqu, 0.00675675675676
K2018_2, 1.17913404396e-05
k444441, 2.42506547677e-05
k54955088, 0.00666666666667
K__q89, 0.000818330605565
k_shebl336, 0.00724637681159
kA_203, 3.26008997848e-05
kaalid8, 0.000117329578787
KabJombang, 0.000198491464867
kacitotexij, 0.00649350649351
kafiboxypet, 0.00393700787402
KaitlynKa1tlyn, 0.000293772032902
KakaShaher, 5.70743679014e-05
kalamelkora, 7.264274299e-05
kaled4694, 5.00325211387e-05
kaled889984q, 0.000172741406115
kaled_2112, 3.21027287319e-05
kaledabgale, 2.72648204748e-06
kamarzmanha, 3.63477755161e-05
kanarazuikou, 0.00114810562572
KAnne_RadioShow, 0.00202429149798
karalynjane, 0.000970873786408
karateloverboy, 0.00403225806452
Kareen_Ible, 8.08080808081e-05
Kat_McNamara, 8.60037497635e-06
kateyoung2226, 0.00261096605744
KathCollinsss, 0.000665778961385
kathfyt, 0.5
kawulzz, 0.00213219616205
KeepItNoneHunna, 0.0238095238095
KeishaMaylyn, 0.0037037037037
Keithzok, 8.63259668508e-05
kelef13981, 1.35569323374e-05
KELLINDO, 5.70190443608e-05
KellyeChrstie, 0.000701754385965
KellyMarieLD, 0.000338066260987
KellyVDolan, 1.16733788595e-05
kenaz0e, 0.00152207001522
KennyArtnsoul, 0.000138293458719
KenpoBear, 5.39665407447e-05
keretak2014, 0.00077339520495
KerriBMorris, 5.14747516343e-05
KevinFreedman, 0.000285551113649
kh09062307, 8.51984698355e-06
kh_shmr, 2.69643531252e-05
khadiga_elbira, 0.00151515151515
khadija015431, 5.09834711587e-06
khadran05521555, 5.74580556194e-05
KhaildJamal, 5.81598231941e-05
khald09046271, 0.000188253012048
Khaled11122212, 0.00549450549451
khaled5n, 0.000106112054329
khaled66676, 1.52257985931e-05
khaled674741, 7.81616382679e-05
khaled_alqarnii, 0.00110741971207
KHALED_M2015, 1.67948674885e-05
khaledfria, 0.00340136054422
khalid077225411, 0.00112233445567
khalid141502, 4.16770859382e-05
khalidAl_m, 0.00595238095238
khalidkhayyal, 0.00454545454545
KharonKnakielny, 0.00024021138602
Kholod11__, 0.0011013215859
khooollld, 0.000252079657172
khuzam999, 5.8463121463e-06
khwaatr511, 8.89521437467e-05
kicejyquduxa, 0.00369003690037
KiingJamesBible, 0.000131078778346
kilaryqetun, 0.00645161290323
KimDoreen_, 8.1980652566e-05
kimjiwonbobby2, 0.00763358778626
KimmiOsborne, 0.00011440338634
kimunga, 0.0016339869281
KindaixLuxy, 0.00564971751412
King135_, 0.000323206205559
King_a01, 4.90869821323e-06
kingkhgan2050, 0.000816993464052
KINGSTEAF2020, 1.66586150027e-05
kitkat___1985, 0.00621118012422
kk2211kk511, 0.00363636363636
kkaaeung, 0.000730994152047
KKhaled518, 2.42535955955e-05
kkkk404, 1.44772273214e-05
KKSA_mood, 2.55412836538e-06
klaaaafh, 0.00123762376238
kld_65, 1.50920615756e-05
klllq, 1.42413626136e-05
km_811, 1.12147855733e-05
KMSBOA, 9.59232613909e-05
KNasser_Qatar, 2.37512766311e-05
KnewMee, 0.0138888888889
KnowingFlame, 0.000159897665494
KnowledgeBishop, 2.0033656543e-05
KNW8lZpwyBwiej9, 0.000627746390458
KobokoGCFR, 1.74003828084e-05
Kokaneofficial, 1.00307643543e-06
kolee_shmookh, 0.000106609808102
KonateyIsaac, 0.00236966824645
konijufapyx, 0.00641025641026
kophkapanh, 5.95557143708e-05
Kopria_511, 1.97215319686e-05
koyettev17, 0.0232558139535
KranzStithouk, 0.000328947368421
Krk2233, 6.61506912747e-05
krovere5, 4.6232085067e-05
KRRowe, 5.50751776174e-05
Ksa_1_vip, 2.81939518335e-06
ksagenalkk, 0.00632911392405
ksof95, 4.69880650315e-05
kuabuboy, 0.000226654578422
kumilagha2001, 0.333333333333
Kumo2022, 5.91680965623e-06
kuqabulesum, 0.00724637681159
kurtevaz, 0.000484730974309
kutyvociret, 0.00746268656716
kuw_2o, 0.00262467191601
Kuw_7r, 1.6938816993e-05
kuwaity_tweet, 1.66176446151e-05
KuwNaderr, 3.78213395562e-06
KUWTK_KKK, 0.000416319733555
KW_305, 9.46673861388e-06
Kw___28, 5.22430555918e-06
Kw____27, 2.53620431662e-06
Kwecan, 1.53704272979e-05
kyjeteketas, 0.00334448160535
kyleerose23, 0.00452488687783
kylomibefuj, 0.00355871886121
L0RD7, 4.71942989287e-05
l1l4l, 0.000159974404095
l8afah1, 1.60717442664e-05
l9009l, 5.48215558358e-05
L__V___e, 0.000139742873113
labial21, 0.000172265288544
LachhabAli, 0.0138888888889
lAdoreWomen, 0.000162232316677
ladyalexa199, 0.00278551532033
ladys0lider, 7.64935362962e-05
LadySs, 0.000960614793468
Ladyy_Ggaga, 0.000212224108659
LAHAYAZAMAN, 1.2060689389e-05
lajina, 0.00155763239875
lamloma3, 7.6225322052e-05
lapletta, 6.47500647501e-05
laqimowemoxo, 0.00373134328358
laron_carter, 0.00247524752475
laronotofuz, 0.00373134328358
Lashundaadu, 8.09257910496e-05
latifaziz466, 6.11471199706e-05
latikibumat, 0.00369003690037
lattonh, 4.3986979854e-05
laughin_lloydyy, 0.00221729490022
LaureneKipping, 0.00371747211896
LauSimmonss, 0.000833333333333
Law1784, 9.39672993798e-05
lawyersaud, 8.01789594375e-06
layla_e2000, 0.000154655119084
Layna_Michelle, 0.00113765642776
lazepidanudy, 0.00636942675159
Leahbishop_lee, 0.00135135135135
Lean3Jvv, 1.01944073481e-05
ledr11244, 4.38192892511e-05
LeeGimenez, 2.28508751885e-05
LeLeOfficialll, 2.89460734651e-05
leniinnn, 0.000640204865557
lenniin, 0.000481231953802
lesikibenex, 0.0123456790123
letyxixipoki, 0.0121951219512
LevelUpDudeTV, 0.000100050025013
lhtah305, 0.00869565217391
LhynnBlack, 0.00316455696203
LiamDineenMusic, 7.76741259719e-06
Liamesis, 0.000121536217793
LiamMcEwan, 5.81544115937e-06
liarlydiaxz, 0.00107296137339
LibbyKayOnAir, 0.000550357732526
librascopehere, 0.000155159038014
LibsWantMeDead, 0.000475963826749
lidiane_mayara, 0.0144927536232
LifeAsABarbiie, 2.77346350122e-05
ligehinybily, 0.003861003861
LightsTheMag, 0.000463606861382
ligodocaqyc, 0.00393700787402
lijesarazazu, 0.00381679389313
lil_mwau, 0.00970873786408
LILBTHEBASEDGOD, 9.51472070013e-07
lilian_lomboy, 0.0833333333333
LilithAono, 0.00621118012422
liljon68025, 0.000608642726719
lillith_1, 0.000552791597568
LilMamacitaDont, 0.000107944732297
lilyallenalili, 0.00316455696203
lindseybbridges, 2.43516376476e-05
linggaageng, 0.0131578947368
Lisan1Lisa, 0.0769230769231
LiveLoveFindra, 0.00210970464135
lizociqarop, 0.00497512437811
ljhamilton88, 6.26134869451e-05
lkooo3, 3.14940791131e-05
llas9, 0.00653594771242
llodi_x, 0.000527704485488
lm_GrumpyCat, 1.40158098335e-05
lmr00991, 1.39349516457e-05
Lo0olo075, 9.90667908304e-06
loayos2005, 0.0010060362173
LogicAutomotive, 0.00127226463104
LoginMohammed, 0.000600240096038
logorrheasweep, 0.000698324022346
lohikamypuni, 0.00380228136882
Lolo1212913, 0.00032711808963
lombardapompe, 2.18871063057e-05
london33_dalal, 1.76931651303e-05
lonohekyrix, 0.00414937759336
lookatf, 9.71250971251e-05
Loove_k_s_a, 6.746727837e-05
looz86, 8.18980696625e-06
LordIsWithYou, 2.21185109818e-05
LordLouis3, 9.77493218641e-07
LorenzoPerezV1, 0.000124192747144
loroxoditite, 0.003861003861
lovable_facts, 0.00043630017452
Love4OurLives, 9.16716322134e-06
Love_Hamati, 0.00404858299595
love_the_pain14, 0.000504286434695
LoveeMessages, 2.31272693633e-05
LoveForBeginner, 2.02167232735e-05
lovejuneann, 1.39456398957e-05
lovekissme4, 3.1901997065e-05
LoveNoteSweety, 1.53200355425e-05
loveprvr, 0.00077579519007
LoverSayings, 3.6974044221e-05
lozidyrexyho, 0.00534759358289
lpph23ap3ct5, 0.000441501103753
lsidrodydee, 0.000499001996008
Ltd_To_Two, 7.93103174792e-06
ltoof_al, 0.333333333333
ltt7p1, 0.000152045005322
LubnaAlshegry, 0.0037037037037
lubumijogilo, 0.00925925925926
lud_junq, 0.000680272108844
Luffiyaa95, 0.00127388535032
lufilocaves, 0.00380228136882
luisalarosa, 8.49386742772e-06
luizvitor1001, 0
lukepottermusic, 9.55748829208e-06
LukeSharpMusic, 6.7974033919e-06
lumpishcamel, 0.000868809730669
luryxypicad, 0.003663003663
lyhacoroheme, 0.00840336134454
lylidamydyha, 0.00769230769231
lynn_nich, 0.000639386189258
lynnmcrae9, 0.00943396226415
lyricsbst, 0.000692520775623
lyriiclyric, 0.000248077400149
lyzosafowuca, 0.00358422939068
LZRSDNATLA, 0.00123915737299
m0nedaVenezuela, 1.15053614985e-05
M0sa_m, 9.87927525637e-06
m20314_g20, 0.0833333333333
m2o12na, 0.015873015873
M33m_3, 1.0
M7addraby, 2.90621639687e-05
m7amd_7025, 0.000949667616334
M7ammed_Ali, 1.02197240675e-05
m7m_d55, 0.000297796307326
m7madd_, 4.29129296657e-05
m7mdbnblal, 8.47860001357e-06
M7mdmm972, 1.62269172103e-05
m86v, 1.64068908942e-05
m91385000, 0.00119047619048
M_7GB, 1.52748713092e-05
m__559, 6.11097531166e-06
M_A___1, 2.22064309824e-05
m_al3jrmi, 3.46224422671e-05
m_al_sh_11, 0.000123777695259
M_B1o, 0.000155303618574
m_iss12, 0.000440334654337
m_r_588, 2.0943724213e-05
m_s_m_186, 0.000322268772156
ma5malii, 6.35243298183e-05
ma7mudjaber, 3.17057704502e-05
Ma7sodeen_Q8, 5.86548105743e-06
maaddonna, 0.000152741713762
maahmooood, 2.95586887766e-05
mabelsay, 2.44134664681e-05
mackerelpaunchy, 0.0010101010101
MACKYBEKI, 1.59749512764e-05
Madcowboys88, 0.0027397260274
madd_gaza1, 4.97141436739e-05
Madi_ashleigh03, 0.00735294117647
Magruff_LE, 2.43856641558e-06
mahal1394, 0.000156739811912
MahataBapan, 0.015873015873
Mahatat1, 1.06441861455e-05
maherr_511, 3.49406009783e-05
mahimahi_fan, 2.17921896792e-05
mahmaa41, 0.00546448087432
mahmoudgaafary, 0.000455996352029
mahmoudshimaa20, 0.00108225108225
MAHMUDJABER, 3.18005469694e-05
maiaf250, 0.000822368421053
Maihab1983, 1.63551019741e-05
maisamadi, 8.84720870565e-05
maj000de, 5.46060175831e-05
majaadhatem, 0.000124223602484
majd444, 6.14212886186e-05
majed76612, 5.36250536251e-05
majed_019, 3.10636182903e-05
MAJED_ZZ, 1.99628690635e-05
majedhalanzi_q8, 1.55086848635e-05
malken7, 0.00183823529412
Maloktk_5F, 0.000447027268663
malook4444, 4.40994884459e-05
malsumait, 7.18752246101e-05
mamduh, 1.8632730254e-05
manairport, 6.58111220796e-06
Manal12I, 0.000132030631106
ManCandyDaiIy, 1.21449131031e-05
mangledshade, 0.000857632933105
mano611, 0.0454545454545
mansour_alqaisi, 8.31808351356e-05
mar7ab10, 6.48718780409e-05
marakosini, 0.015873015873
marcantoine92, 0.000302114803625
Marco__Cimino, 0.0003465003465
mariamhasan12, 0.000422297297297
MarianoTorre1, 0.00139470013947
marie_moteko, 0.000527983104541
MariillynMonroe, 0.00033760972316
MarinePolicy, 0.000248385494287
marinhodenis1, 6.74536256324e-05
marion1100, 2.7239791888e-05
marktheshark, 8.95760366187e-06
MarnolostersILO, 0.00285714285714
mars0o, 0.00040899795501
maruyamasigeo1, 4.40373436674e-05
MarvinKura_, 6.93721817551e-05
maryem160, 0.000347947112039
marylene58, 4.0381198514e-05
masare444489, 8.87784090909e-05
Mashalasolma, 8.96033260755e-06
Masiratna, 0.00195694716243
masogujolypa, 0.003663003663
masonandroid, 5.47675119119e-05
masseranolabs, 0.000567536889898
MathNeil, 0.000361794500724
MatindeLines, 5.57304873631e-06
matrood12345, 8.28651452626e-06
Matt_JR18, 0.000317057704502
Mattarjarrah, 0.00034188034188
MattCraigMorris, 3.48930527932e-05
MauApaYah, 0.00139470013947
mavaserovem, 0.00719424460432
MavsNationNet, 0.000351000351
MazMEDEA, 4.66971131845e-06
mbemcellewet, 0.0172413793103
MbHomy, 5.83485039444e-06
mbr_saudi, 7.83944810285e-05
McluckyG, 0.0128205128205
McNuel64, 0.5
Md111F, 0.00105042016807
mda090, 1.95205746857e-05
Mdallah_K_S_A, 0.00010752688172
mdj17, 3.3197224712e-05
mdrasa, 2.19775389552e-05
Me9_19, 3.31630961067e-05
meaduk, 1.52325244863e-05
meanchough, 0.000878734622144
meCarolSanders, 0.000900090009001
mechawarotabot, 0.000397140587768
medadel10, 0.000960614793468
MediaMan2009, 8.99628453449e-06
MedSymptoms, 3.35660580021e-05
meeeowlouis, 0.000889679715302
meeme5667901, 0.000548546352167
Megan14Matthews, 0.00242130750605
meliesel, 0.0015037593985
memo_jad, 0.00305810397554
memoo5u, 8.16793269623e-05
memusuhytoti, 0.00537634408602
memy1115, 0.00884955752212
MendelsonAcad, 0.00226244343891
meqobahodywa, 0.00398406374502
merta7_11, 0.000170532060027
Mervyn_Taxi, 0.000281848928974
mesa1928, 0.0714285714286
mesharifahmi, 0.0119047619048
Meyer___000, 0.0588235294118
mfevzicengiz, 0.00152671755725
MfhiDiary, 0.000552791597568
MFordFuture, 4.19076355712e-05
mgroooh_w, 3.06833174803e-05
mhamadkhair1969, 0.000501504513541
mhb11001, 0.00502512562814
Mhh_1435, 5.66957704955e-05
mhlove555, 4.00256163945e-05
mhmd_hkami, 7.73706362961e-06
mhmll55, 0.000807754442649
mhmp1020, 5.0994390617e-05
mhnger, 2.80985697828e-05
mHo_FuTz, 0.000133102622122
mhoammad162, 0.000997008973081
MHYOoOB, 3.38123415046e-05
MiaElizabeth98, 7.12809180982e-05
miaxzjm, 0.00263852242744
micksparky, 0.00282485875706
MickyNeilson, 0.000198807157058
migozuwaris, 0.00684931506849
migrahani, 6.29881582263e-05
MikeJMele, 3.96636522291e-05
mikemodzelewski, 9.05198555303e-06
MikeTokes, 1.22524995099e-05
MiKy045, 0.00239234449761
MILKTYSON, 2.96344589489e-06
MinaANDMaya, 2.39040015299e-05
Mirhlon, 9.02690016248e-05
Mirna_Yousef, 4.20185722089e-05
misharyadel_, 3.29228945809e-05
Miss_Missionary, 7.31207955543e-05
missA__fei87, 0.00568181818182
misshunter10, 0.000333000333
mitlesh_chauhan, 0.0014245014245
mitofiin, 0.00158982511924
mitowymojel, 0.008
MJacksonHD, 2.89901288611e-06
mjgranger1, 2.0773177673e-05
mkcg6632, 4.94046736821e-05
mkj00, 0.004
mlak_hh, 4.99201277955e-05
mlekh2010, 0.000738007380074
MLionz, 0.0526315789474
MLTA3_KUW, 5.41154824395e-05
MLutherQuuotes, 0.000319081046586
mm123mm112233, 0.00108108108108
mm915407, 0.000613120784795
mm_coinss, 0.00641025641026
mmaddonnna, 0.00023679848449
mmm51151, 4.01300212689e-05
MMMMMM077, 0.000525210084034
MmmMsf2015, 2.86738351254e-05
MmMn1979104, 0.000608272506083
mmmodeee24, 6.232859636e-05
mmmsssaaam, 1.16046975816e-05
mmosa122, 0.00148367952522
Mms__70, 4.87061218725e-06
Mmsss_1234, 3.15576874527e-05
MNK3W8i, 1.65308382788e-05
mnnhay24, 0.000489955903969
mnooori_11, 0.00070821529745
mo__la, 1.20521133381e-05
mobark1434, 0.0454545454545
Mobark9090, 5.78522915293e-06
mocyvazenic, 0.0077519379845
modajipitely, 0.00684931506849
moeager, 1.00683641929e-05
MogadishuNews, 0.000529100529101
MOGAREDAQ8, 1.89341583577e-06
mogebuwujifo, 0.00344827586207
moh_omar_, 0.000166750041688
mohamad_Alzidan, 3.5354678131e-06
MohamadMohannd, 0.1
mohamdalshran20, 0.00120048019208
MohamedEldfrawy, 0.00065445026178
mohamedmakhrat, 0.00769230769231
mohamedrokay2, 3.81141136563e-05
mohamedsaiedzah, 0.111111111111
mohammad050101, 1.65705574336e-05
mohammad48578, 0.000147492625369
Mohammad_nsaeed, 0.00107066381156
mohammed2012d, 0.0015015015015
mohammed6255, 0.000493827160494
Mohammed_sulima, 1.26630365962e-05
MohammedAlorafa, 7.22178089117e-05
MohemedNouar, 0.00487804878049
mohmdAlhumidi, 4.45354947893e-05
MohmeDElSntrisy, 0.000124641655241
mohrb9991, 5.61718859711e-06
Moka_alenzi, 0.000300480769231
MonaFigueroa11, 0.030303030303
Montemayor_xD, 0.000543183052689
moooooon232, 0.000283205890683
MoreFireGames, 7.96178343949e-05
mos_foulest, 0.000405350628293
mosaabaltmemi, 0.0714285714286
MosabCr, 0.00032310177706
mosawa12, 1.98043331881e-05
mostafa_7777, 0.00132978723404
mostafafat90m, 0.000108448107581
MotivateMeLife, 1.78536358929e-05
motivation653, 0.000296471983398
MotSuccess, 1.83126705367e-05
movieqotes, 0.00120048019208
mozelle46563, 0.00462962962963
Mr__TaReq, 1.6206667423e-05
mr_alhamoudi, 0.0909090909091
mr_asooom, 0.00012247397428
Mr_M7mD_M, 0.001
Mr_Mohmmad_20, 0.00258397932817
Mr_popular, 3.15690446576e-06
MrAbdulQ8, 1.26003301286e-05
MrCPerez, 5.55895269331e-05
MrEsam36, 0.00406504065041
mrlove110, 8.80886524198e-06
MrReimey, 0.000161812297735
mrzai4u, 0.00094696969697
ms_shoo1, 0.000310462589258
ms_troose, 0.000936329588015
msarefk, 0.00292397660819
MsCarterCelFab, 2.0782243651e-05
msho2260, 0.001443001443
msk105msk, 4.38346556788e-05
msm7014, 5.72836111588e-05
mstreh_2, 4.10222750954e-05
mswzm, 0.000120134550697
MSYR_2015, 5.05893661152e-05
mt2014a, 0.000114929318469
mt555222, 2.4486397806e-05
mt959339, 0.000132978723404
mudaqqeq, 4.33012903785e-05
Muhammad69771, 0.00322580645161
muhsen19840, 0.00119047619048
Mujahid9090, 0.0123456790123
mujeedcom, 4.5733101619e-05
mukearoons, 0
Mum_2000, 1.85034416401e-05
mumygyhapoti, 0.00452488687783
muningning, 0.00694444444444
musfrhmed, 0.000291205591147
MusicArtCrea, 0.00757575757576
musicartisthere, 9.90982063225e-05
mussad77, 4.99950005e-05
mutosulycas, 0.0036231884058
muvuwoceqaf, 0.00342465753425
Mwaadee3, 6.33552965028e-06
mwomenhistory, 6.53936698928e-05
mylajefydine, 0.00684931506849
mylarryone, 0.000460405156538
mylujuqeliv, 0.00564971751412
myqyzutubiba, 0.00641025641026
MysticRiver435, 0.0135135135135
N18__a, 3.11720698254e-05
n1bil, 6.51805501238e-05
n52355, 0.0333333333333
n__n_vip, 4.96302546032e-06
N_htc2, 0.0011641443539
n_m_kas_511, 1.16807419607e-05
N_Neji_HYUUGA, 0.000285877644368
n_nma9, 5.45762156852e-05
na3ksa, 8.27013571293e-06
Na7aLKuwaiTy, 4.347448048e-05
na7lm5, 0.00053447354356
naa9911, 0.000313381385146
nabil_taee, 0.02
nacilepelican, 2.51997076834e-05
nada2233051059, 0.000452693526483
nada3322, 0.000196850393701
nagm_suhail, 0.00185873605948
naif1984, 4.66592011945e-06
naif1m1, 4.5741469216e-05
naif_370, 6.24804748516e-05
naif_al3nzy2, 0.000398089171975
naifvo, 0.000285225328009
najeeb14986, 6.32231143706e-05
nakruza8377, 0.00110987791343
nanewaxuqax, 0.00377358490566
Nano_eShop, 6.42838776035e-05
Napwell, 0.000272405339145
NARRYFRIIES, 4.68647483363e-05
naseeraljreed, 8.86092773913e-06
nashtyforlife_, 0.003367003367
nasser3649, 6.0260203559e-06
NASSER4452, 2.35111560435e-05
nasser813, 5.49239303565e-05
nasser88time, 0.0125
nassereem1300, 1.56761925663e-05
nassernasser713, 5.52150626691e-05
nassr6263, 0.000117096018735
natejturner, 3.14881289754e-05
NatSeek, 1.6710950686e-05
naughtyguyanan, 0.000771604938272
NaveenInsan4, 0.00151285930408
navenemadeqy, 0.00613496932515
Nawaf__alnashmi, 3.01486327595e-05
nawalkamees, 0.005
Nawras1989, 5.8119260723e-05
nayefbnfazel, 2.44822014396e-05
nazf999, 0.000136407038603
NdzaviD, 4.53823462673e-05
necafakazewu, 0.00558659217877
necifirajejo, 0.00662251655629
neconnected, 0.00028818443804
neek993, 0.000125596583773
NeeseChris, 5.20833333333e-05
NEFollowers, 5.5969105054e-05
negibefojov, 0.00348432055749
nejahihidal, 0.00549450549451
NelsonRGSnider, 9.49036727721e-05
netegucutut, 0.00609756097561
NetworkLessons, 0.000259201658891
news_korasa, 1.75180435849e-05
NFC_A24, 0.000388349514563
ngytb, 8.07493540052e-05
NHSIQJessica, 0.00180831826401
ni20ni20, 1.48045064918e-05
nialllovesyousp, 0.002331002331
NiallMe21, 0.000128172263522
NiallsBrother, 1.91945948021e-05
Nice123H, 0.00210526315789
NickyR_H, 0.01
Nico__Piriz, 0.000751314800902
nicolasibarra2, 4.46269189575e-05
NicoRomeu, 5.73822229873e-05
nidhdjneje, 0.0133333333333
Nidoi, 3.03352040042e-05
ninaswe08258138, 0.0114942528736
nivea_mc, 6.09161793372e-05
njcar, 0.000131302521008
njhmendestapes, 0.000227014755959
njoiuiijij22, 0.000264900662252
njuniorcosta, 0.00735294117647
nm7_yusuke, 1.80450042406e-05
nneq20111, 1.08629529851e-05
nnkk344321, 0.000234796900681
nnxx58, 0.000166527893422
noaf1009, 0.000357909806729
noduledivulge, 0.000858369098712
noibiz0115, 0.00108577633008
nolotyzynic, 0.00357142857143
NonnaShea, 0.000120481927711
nonprofitcoffee, 7.39360600952e-06
NooF__36, 0.00109170305677
noofa326, 5.56371567187e-06
noofee95, 4.55019088051e-06
noofm15, 0.000131010087777
Nor_tuwaijri, 2.02077355212e-05
nora56510476, 0.0126582278481
norinoaf667, 0.00363636363636
notahufflepuff_, 0.00141843971631
NoticeandThough, 0.00021164021164
NotLovelyTED, 2.68766629935e-05
NottsSexyPhotos, 0.00414937759336
Noufal_ameen, 5.57848934509e-05
nouraiiiii, 9.44643869261e-05
NRDAx, 1.35394947061e-05
nsaem_imanyah, 9.08430232558e-05
nseemalhwa123, 0.000223613595707
nsm6363, 6.33340300077e-06
nu8II, 1.33550575603e-05
nugikisizik, 0.00609756097561
nuhebudohyh, 0.00387596899225
numberb00k, 3.67484933118e-05
numberb0ok, 8.15594160346e-05
nUof8SWhQvVRTKl, 0.00100502512563
nycylapaloxy, 0.005
nytejogupit, 0.00671140939597
nyvuxuqozevi, 0.00369003690037
O3___3, 2.69519984907e-05
o50o50, 8.37093277304e-06
o__60, 7.49630806828e-06
obadara_basit, 0.00223713646532
ObadareTohBadt, 0.000251762336354
obaidul23102553, 1.83718836692e-05
Obi_Obadike, 4.84248838045e-07
ObrienpicFr, 0.000308451573103
obsessedcackle, 0.00090991810737
Od2014X, 0.000103562551781
ODirectionLyric, 1.35149745918e-05
OfficialHeroo, 2.92389111429e-05
ohjongdaepng, 0.0026455026455
ohmylifeposts, 8.42907356052e-06
Ok9998, 0.0010395010395
okaykys, 0.00632911392405
okxokx, 5.03768186032e-06
oldlukeshit, 0
oldwomen11, 5.41946672447e-05
OliverAyreArt, 0.000564015792442
omannewstoday, 0.00031887755102
Omar_Alkhaja, 3.28245527655e-05
Omar_Almulhem, 3.81242124967e-07
omar_kaliid, 3.22123437701e-05
omarrr55, 0.00169204737733
omarsalem94, 1.24371921795e-05
omaryahya658, 0.000924214417745
OmerRuhlu, 0.00925925925926
omgFactsWow, 6.52400835073e-05
omhammms16, 0.000376931775349
ommihammadkwt, 0.00114810562572
one_harry_one_, 0.000404858299595
oneluvpooh, 4.20291682428e-05
OnIyHistory, 4.72344244485e-05
online_insight, 0.0011013215859
OnlineBizss, 2.35604006211e-06
OnlyMinionQuote, 5.20237228176e-05
oo8770, 0.000371885459279
ooaa0, 8.56215697859e-06
OohLalaloves, 0.000781860828772
oohtheunder, 0.00282485875706
oonk101, 0.000124192747144
ooooooi123, 8.48608282417e-05
Oooso22, 2.62722328771e-05
OoredooKuwait, 6.88691005007e-06
OoSyco, 0.00033422459893
OP430, 1.89868610921e-05
oppaiguy, 0.00246913580247
Opulenzabaths, 0.000722543352601
oq2224, 0.000659195781147
oranset, 1.38093890036e-06
ORGXSMHEMMO, 0.0140845070423
Osamashatnawi3, 0.000625
osnapitzhayley, 0.00387596899225
othman_jaber, 8.59254167383e-05
OthmanCRsixteen, 0.000243783520234
Ou_Prg, 1.40552088604e-05
oudyy, 3.50434538828e-05
oumimasanori, 0.000190331176247
OurReIationship, 3.26104679602e-05
Outshyne, 2.05706292555e-05
own2014own, 7.01311452416e-05
P_Networking, 0.0714285714286
PacificCove, 4.01348531064e-05
padar8008, 0.000826446280992
pahar222, 0.00268096514745
pallap1, 0.000114455762848
papalvisitph, 0.000113211819314
PaperFury, 0.00070821529745
paris_hiltonn_, 0.00177619893428
ParisBakerAngel, 1.29013946408e-05
PartitionWatch, 0.00328947368421
patentbuddy, 8.41679993267e-05
paul_breton, 0.000482858522453
PauleyMarinofpf, 0.000309693403531
paultgoldman, 6.04927741381e-06
PaulWorcester, 7.19994240046e-05
pauseimperfect, 0.000806451612903
peaceandmodesty, 0.00013698630137
PeaceandQuite_, 4.30718869794e-05
peasantbring, 0.000849617672048
pedejeriruf, 0.00526315789474
PepFTV, 0.0161290322581
PequueGrier, 0.00164473684211
Perfect_AWisdom, 4.42262615541e-05
periyakulam, 2.55102040816e-05
perossmeisl, 6.13609866847e-05
pettypair, 0.000763358778626
pevalibilyq, 0.00354609929078
PhDinNursing, 1.0065526578e-05
photo_999, 2.09912046852e-05
Piamime, 0.000208507089241
pidybefebega, 0.00363636363636
pihalywikebu, 0.003861003861
pihyfezofom, 0.00595238095238
pikiyol, 0.0434782608696
pinkthesingerr, 0.00220264317181
pirisaviben, 0.00662251655629
pizyfezyvemi, 0.00595238095238
PlayMMOPokemon, 0.000254971953085
PLDT_Cares, 5.19777535215e-05
pljulia50, 5.3381732771e-05
pm_mehra, 0.00252525252525
po87_, 0.000813669650122
Pokemon_MMO, 0.000242954324587
PoliticalLaughs, 1.11228518992e-05
Poookiieee, 0.00877192982456
popsuncovered, 0.000712758374911
PositiveLiifeee, 0.000719424460432
PottleMark, 0.0131578947368
powell_russ, 8.12809883768e-05
PRaksachon, 0.05
PrankInvasion, 5.5337280726e-05
prawnsloutish, 0.000733137829912
prayerballoons, 2.49028787728e-05
premiummurmur, 0.000908265213442
prencevip, 2.05731684737e-05
printne, 0.000300842358604
prixline, 1.44354303202e-05
Prkshin, 0.000135464643728
ProAIMTrader, 6.88657805936e-05
ProjectServerNL, 0.00325732899023
prtey, 4.77235849957e-05
pubiwocaqihu, 0.00431034482759
punemykadyg, 0.00578034682081
PuodMary, 7.85545954438e-05
pupedijuvax, 0.0032154340836
purushueme, 0.000566893424036
pussybitch19, 0.00787401574803
puwynelinuq, 0.00361010830325
puzupabohojy, 0.00367647058824
puzzlebuzzz, 0.000850340136054
pvatv111, 0.0113636363636
pycuxiwilut, 0.00374531835206
pypynaga, 0.000271370420624
pzq9, 1.31731478554e-05
Q39f4, 0.00140056022409
q77a, 3.84423173029e-05
q8601, 1.56384392838e-05
Q8_ENG_, 6.12013831513e-06
q8_shamekh, 5.02871395669e-06
q8_York, 3.00779017656e-05
q8gff, 4.70743303677e-05
Q8khaild, 1.84866803468e-05
Q8ytawia, 7.0054011643e-06
q9qq9, 2.27845967012e-06
q_h27, 0.00123001230012
Q_Q2013_, 0.0128205128205
Q_Q_30, 1.60028164957e-05
Qa99ed, 5.80315691736e-05
Qadibook, 4.66374405373e-05
qadoroduqox, 0.00374531835206
qaies_love, 0.00066889632107
qajovepiqys, 0.00546448087432
QAltarawneh, 0.000856898029135
qandil_mahmoud, 2.86409852499e-05
qatari_mfhy, 9.25754489909e-05
qazalah1, 0.000239463601533
qertyui5521, 5.40613596432e-06
qevisuxamen, 0.00411522633745
qlm_hilali, 5.37056928034e-05
qobikyxilugi, 0.0036496350365
qoqojapazud, 0.00735294117647
qosaimhmd, 8.9832731454e-06
qq8kuwaitq8, 7.12321741484e-06
Qsilver22, 0.0285714285714
quickstap, 0.012987012987
quotedojo, 2.2780600041e-05
Quotes4OurLives, 9.10522913309e-06
quotessphere, 0.000204624514017
quseherogib, 0.00367647058824
quvisyhepore, 0.00497512437811
quvugawosyz, 0.00363636363636
qwermlp, 0.000187160771102
qwerty20142, 4.82346131584e-05
qycanytabek, 0.0037037037037
qyhesukijise, 0.00787401574803
qyryziceloba, 0.00359712230216
qywenunuvexu, 0.003003003003
R2014Rahil, 0.0277777777778
R_7d, 3.41249176736e-06
R_Bastola, 0.0011135857461
r_mr75, 0.00248756218905
R_mx1, 6.77309455917e-06
ra3ialsamra, 5.87716720541e-05
rabahali5, 0.00564971751412
raedabdoh, 1.13619578926e-05
RaghvirInsan, 0.0153846153846
Rahaf_ss3, 7.38934456514e-05
Raheek_TweeT, 0.000400801603206
rahhoomm600, 0.000408496732026
RahmatullahGran, 0.0625
raid29041, 0.000107342206956
RAINBOWedROSES, 0.000924214417745
RaisaFryer, 0.000710732054016
RakanAlkhobar, 3.34750443544e-05
rakanm2, 1.54861089603e-05
RakestrawJeff, 3.67268987807e-05
ralffster, 0.00167504187605
ramadannagy3, 0.000164257555848
ramialahmed, 0.000151125887865
Rana56108785, 3.80184769798e-05
RandomFacttss_, 0.000754716981132
Raned4108, 7.46045956431e-05
Raouom11, 1.89875821213e-05
rashedha111, 4.61680517082e-05
RateMyKnockers, 3.34238004198e-06
RawanAletaibi, 0.000304136253041
RawanAlT1989, 1.38180712736e-05
rawudekotuzu, 0.00558659217877
RC8Leon, 2.75171294131e-05
rdg555556, 1.91413203683e-05
RDRonaldauthor, 1.72744390126e-05
readbverses, 8.67302688638e-05
Real_caller, 2.67737617135e-05
rebearzate, 4.14765657404e-05
Rebeckapy, 4.18025248725e-05
ReburnKelly, 3.56735159817e-05
Red_Web_Design, 6.46475094547e-06
Redlester99, 0.000361925443359
ReggaetonDT, 1.94586600767e-05
rejehewuralo, 0.00381679389313
relax95_, 0.00022040996253
relygoruruto, 0.00591715976331
REM__1957, 0.00268817204301
Rene, 1.10542676106e-06
ReneJoile, 0.000268240343348
reptileorgazm, 0.0120481927711
Resultbetting, 0.00221729490022
ReThink_ADHD, 1.1272813356e-05
Retweet_1000000, 5.81902822229e-05
retweet_love_qt, 0.000109733347964
retwet_i, 1.4120903173e-05
retwt_shomer, 4.62812977276e-05
reus__9, 2.73732617979e-05
RevivalistHepzi, 0.000179565451607
RevKDW, 3.58384403111e-05
Reyy_Reyy_, 0.05
rg09876, 8.61994655633e-05
RHEiNREiGNs, 0.00333333333333
rhh881, 4.12677451304e-05
Rhom544, 0.00019801980198
rhsl2, 0.000123609394314
RicciEngelflp, 0.000221877080098
richardevans144, 0.037037037037
riletuvanex, 0.00324675324675
Ririzzm, 0.000558659217877
RisingSign, 2.65943300888e-05
RiskRank, 6.69370925204e-06
Rita87884022, 0.00278551532033
rizimetomyno, 0.00338983050847
RK1414R, 3.01340967305e-05
rkendobe, 0.0227272727273
rmortimermangal, 0.000829187396352
rmz__24, 3.36451113653e-05
Rnh_22, 4.87227335402e-06
RobakaResearch, 0.2
Rocio_Meaurio, 0.000923361034164
ROES_Q8, 1.53043265331e-05
rollyncordova, 0.000413907284768
romansuarez_, 5.57786702365e-05
Romio_18, 0.000881834215168
Ron92211, 0.000109745390694
RonChatterjee7, 0.000141143260409
Rondell_Trevino, 0.000108143181572
rono1434, 1.20948234156e-05
roo7_1413, 0.000165261940175
RoooR02, 0.000183891136447
RoOosa123, 0.00675675675676
rootshell99999, 1.45093026394e-06
rory_rory151, 0.00065963060686
rossdenholm980, 0.0192307692308
roughliterature, 0.000350140056022
RPGOnlineGame, 0.000263296471827
Rreeooom, 2.13615875932e-05
rrenad200, 0.000714796283059
Rrqq18, 0.000200803212851
Rs499, 6.20189653996e-06
RSeemo, 0.000668002672011
RT__4G, 4.23112073926e-06
Rt_fai9al, 1.48641859331e-06
Rt_j20, 1.33727919849e-06
Rt_kuwait511, 6.33834062243e-05
Rt_My, 4.54566116642e-06
RT_Tubaa, 2.64298551644e-06
rt_weet5, 2.17263779955e-05
rta_, 9.20047842488e-06
rubensteinbooks, 1.17828653572e-05
Rubn_Daro1, 0.000367647058824
rubydennissee, 2.67708946833e-05
rudyjefuqivi, 0.00952380952381
rugbyrumbling, 0.000913242009132
rugygunuquto, 0.00704225352113
rujusasubyle, 0.0034965034965
rumokomymiv, 0.003663003663
rutezydywoh, 0.0059880239521
rwan199023, 2.14670587983e-05
ryan_triana, 0.003663003663
rypefykukibe, 0.00398406374502
ryzimoxevuqy, 0.00529100529101
rzh_j, 0.000138427464009
s0566100022, 0.000100664384941
s3ood_sara, 0.000166389351082
s91682199, 0.000207813798836
s9sky, 9.00211549714e-06
S_10_s__, 0.00068870523416
s_directioner13, 0.00227790432802
S_Satchidananda, 6.98812019567e-05
sa1239a, 8.19604950414e-05
SA1971d, 8.6662622411e-05
sa99899, 5.46716964627e-05
sa__03, 2.47776208528e-05
saad1481, 8.24273197108e-06
saad3312000, 5.54797332534e-06
saad_20223, 5.26703887075e-05
saadAlbeeshi, 0.000577367205543
saah15, 7.28756741e-05
saamd36, 9.53334286668e-06
saboutmylife, 0.000256476019492
sabri0550_dz, 0.0454545454545
sacisakodijy, 0.0123456790123
sada2aa, 6.35202947342e-05
sadalisekyxu, 0.027027027027
saed222226, 0.000813669650122
SaedklodS, 0.0384615384615
saeef1112, 0.000306560392397
SafaaImrazeeq, 0.000185013876041
safaaNabeeh, 0.001100110011
safahi12385, 3.36903386216e-06
SafaMalik97, 0.00709219858156
safass14, 5.49719368263e-06
sage_lady, 0.0048309178744
sager206060gma1, 0.000188750471876
sagr99988, 0.000256081946223
Saher1289, 5.61924027871e-05
sahomorizupo, 0.00540540540541
sahsoh100, 7.31903681476e-05
SahuPradipta, 2.57373758172e-05
Said6696, 0.00210084033613
saifalsahali, 8.91233824106e-06
SAIFDEHAYES, 0.000150602409639
saiffares140242, 0.111111111111
sailoutkilam, 0.0243902439024
SaintsTravel, 0.000891265597148
sak_1000, 3.26968349464e-05
Saleen107, 9.70591089974e-05
saleh20143608, 0.00064391500322
saleh_alknani, 3.20969584922e-06
saleh_alterkawi, 4.74338298074e-05
saleh_misbah, 9.15583226515e-05
SalehAlNasri, 3.59298649037e-05
salehalqaadi, 4.68889201482e-05
salemalgaload, 1.78568239853e-05
salemalhishi, 0.000503018108652
SalfiBooks, 0.000194893782888
salimxoxo, 0.000175438596491
salleh2562, 0.0140845070423
sallyjordon1, 0.00167504187605
salman201salman, 0.00228832951945
salooh62740299, 9.04813608397e-05
saloom_akj, 0.000725689404935
Sam_x99, 1.37674674744e-05
SamanthaCartel, 1.67208142368e-06
samehtanios, 0.000822368421053
samerliil, 1.87532818243e-05
samHoorm, 0.000192455735181
sami8839, 8.87547705689e-05
samii881, 2.24149911461e-05
SamiImas1427, 1.88338104565e-05
samoriarty, 0.000162680982593
samt1123, 0.000462534690102
sandisk7777, 7.13470319635e-05
Sandra_M_Bell, 0.000163746520386
sanshikiiipee, 0.00138312586445
sanxfransokyo, 4.35293605537e-05
sapiosanct, 1.18060966683e-05
saqer_35, 1.99064397333e-05
saqeremucacu, 0.00540540540541
sara_2ldoosri, 7.124029351e-05
saraalshmare, 8.80359186548e-05
sarahddd2014, 0.000344234079174
SarahDraca, 4.16337066489e-05
SarahSsse, 0.00684931506849
sas201416, 5.07771441919e-06
SaSami12324, 5.61387750519e-05
saud2346, 4.78830886508e-06
saud94x, 0.00140845070423
saudagarboy, 0.000283366392746
saudi_booking2, 0.000478011472275
saudi_ca, 1.57049973302e-05
saveSelfie_, 0.00102564102564
savilozemovu, 0.00581395348837
savubakojod, 0.00390625
Say_itaint_MAYO, 2.84600278908e-05
Scarter52614, 0.00357142857143
scazycat, 0.000242248062016
schelske, 8.3077178699e-05
Scorpion9009, 0.000203086921202
scunnybyrne, 0.00606060606061
sdghvxghb4567, 0
Sdqat22, 0.00050916496945
SeanGaredo, 0.000823723228995
sedaguzeloglu, 5.91051480584e-05
SeeligSly, 1.83911428256e-05
Seemoo17a, 0.000530785562633
SeeserYy, 0.000115673799884
sehyfudivyk, 0.0046511627907
selajatipok, 0.00358422939068
self___improve, 9.62371282841e-05
Selleenerr, 6.45202916317e-05
Sem50000005, 0.00040733197556
senisofonoki, 0.00375939849624
serenityhart, 0.000436109899695
SermonPrep, 5.95344406739e-05
sewimytylaxe, 0.00392156862745
SexTradeGetOut, 0.0030959752322
SFheed, 0.00119904076739
sfsf14001, 0.000345423143351
sgc58, 7.47663551402e-05
Sh007Sh00, 3.70097594736e-06
Sh3rhaq8i, 0.000979431929481
Sh_Alblwy, 0.0192307692308
SH_q6q, 3.75855070285e-05
shaaaamkh5, 2.03927646471e-05
shaddadi2013, 8.75388453626e-06
shahad2002a, 0.000431034482759
ShaharaniAL, 2.34439104443e-05
shaikha____s, 0.00416666666667
shaileshshelar5, 0.000609384521633
shakespeareqtes, 0.000568828213879
shakita_binda, 0.0181818181818
sham5121, 0.000117013807629
shao0oo, 0.00467289719626
shayoumah, 0.0010582010582
sheikh_ksa, 5.92820938436e-06
SheilaCarle, 0.000682128240109
Shekau, 8.72143729287e-05
sheldoncooperis, 0.000194590387235
shellieblum, 2.79105856478e-06
Sherryzzo, 0.000206143063286
sherwanaga, 0.0434782608696
sherwinjtb, 5.27648796961e-05
shestokas, 1.37294744357e-05
shmali63, 7.51936235807e-05
SHMutiri56, 0.00568181818182
ShooshAlma, 9.25240562546e-05
shoplivedan330, 0.00010589854919
shortcatnet, 0.00190839694656
Shosh25_A, 0.000531067445566
shrewsmorris, 2.42160067805e-05
shrooq_alsaid, 8.96378630333e-05
shroug200, 0.00021537798837
shuklaravi465, 0.0144927536232
shw_islamy, 1.76547438297e-05
shwo_chocolate, 0.00108932461874
shxiia, 0.00320512820513
sif2012s, 7.55629439323e-05
sigihedawofu, 0.00377358490566
sigmapaintsme, 0.00310559006211
silent_188, 0.000502765208648
simoo69, 7.36604840967e-06
sinalo_yeko, 0.142857142857
sintrastyles, 0.015625
sinuvehatoc, 0.0042735042735
siqebanynaj, 0.00684931506849
SittaAndy, 6.08346514174e-05
sky_arab_, 1.31580678693e-05
Slawek664, 0.0012315270936
Slfr1231, 0.00227790432802
slimanqs, 1.22565541924e-05
slimshady1313, 0.0238095238095
slowe36406127, 0.00324675324675
slw0507769348, 0.00110375275938
SmalHans, 0.00709219858156
smartbird3, 0.0010775862069
smf503, 6.82267858361e-05
SmiIeTweetss, 0.000156030581994
Smile443, 0.000574052812859
Smile_5o, 4.17862798929e-06
smilingbluedog, 6.37795777792e-05
sminoctl, 0.00684931506849
Smo02, 9.51239465023e-06
Smtt0_, 2.68154027673e-05
sna3i, 1.02450618802e-05
snakdkf, 0.00694444444444
SnchzEdu, 0.000157306905773
soade_11, 0.000228102189781
social_mediaSA, 3.57079093019e-05
SoftNews3, 0.00172117039587
SohaOsimi, 8.18263644546e-05
SOL5036yaoo1, 0.0114942528736
SolutionChicago, 1.85714816328e-05
somayasaleh1965, 0.000143636885952
SomosPalencia, 6.75675675676e-05
somywogygoxu, 0.00645161290323
sooma645, 5.1891443101e-05
Soome_sm, 2.19010074463e-05
Sooz50k, 0.00133333333333
SophieBrownings, 0.00119760479042
SoSmileyTweets, 4.65073016464e-05
soso12243129460, 0.000166527893422
soudawayd, 2.80559997756e-05
sougo_ainyan, 0.000761614623001
Soulben54, 3.53794445427e-05
soultan9_0, 8.61103935245e-06
Sowers1999, 0.00377358490566
spadoll, 2.83366392746e-05
spewclank, 0.000963391136802
spiffyeek, 0.000695894224078
spiritualitydev, 0.000149476831091
SportAlerts, 1.37993845474e-05
SPSS01, 7.24217844728e-05
sr_ben_, 0.000129735339907
sraa_kh, 0.0121951219512
srmn8, 1.29232359783e-05
srsrsrsr88, 0.000160102465578
ss12345939, 0.00128040973111
ss28226408, 0.00322580645161
ss5432161, 0.0222222222222
SsaaaMi, 0.0026455026455
ssady23, 4.5756119881e-05
ssaldalaan, 5.8723354278e-05
ssarah__12345, 0.00043233895374
ssbbaa123, 0.00454545454545
ssm906, 3.81460995613e-05
sssdad2924, 0.000751314800902
Ssuperrnatural, 0.00010173974972
sszzxx344, 9.5529231945e-05
staceyzing, 0.000190766882869
Staffierescue, 7.10479573712e-05
stagewritemusic, 6.35566289564e-05
stangerards, 3.00733790449e-05
StarCity_zulfi, 2.72353405779e-05
StartupReport, 5.7494724859e-06
stephmignon, 0.00058858151854
Stevendavidbyru, 0.000101461038961
stgert, 0.000295857988166
store_sahad, 2.96568700139e-05
StreetRachelM, 4.28687786685e-05
STU_ACTOR, 2.08942749687e-05
Stud_Stallion69, 0.003663003663
STUDENT_UK_KSA, 0.00236406619385
StylePremiere, 4.5827413959e-05
StylesFansH, 2.57705391197e-05
StylesOxygene, 0.00102564102564
Styleziz, 0.000271296798698
sudorokivas, 0.00383141762452
sukosodut, 0.0277777777778
Sulaiman2442, 0.0714285714286
sultan_905, 0.000237079184448
SULTAN___515, 0.000490918016691
SULTAN_K77, 3.98914951332e-05
sultanbinhammad, 0.00338983050847
SumerSloan, 2.83865107301e-05
supapijoken, 0.00343642611684
supernaturepics, 0.000146541617819
suqazadarury, 0.00367647058824
sushichicago, 0.000354484225452
swet2011000, 0.000187090739008
swype_agent, 0.00709219858156
SybilRevoir, 0.00333333333333
SYOfficial, 2.58779080299e-05
SystemDisc, 5.61766192911e-05
sz_itfc, 0.0012706480305
szabosolicitors, 5.68181818182e-05
T0teee, 3.47777700494e-05
t3qp, 2.94681007809e-05
t_4676, 1.21033138873e-05
t_u3, 5.50964187328e-05
ta1_ha2, 9.23898482035e-06
taalh1235, 2.68976276292e-05
TAIF__888, 1.04444096297e-05
talag_a, 2.89050757313e-05
Talal14512, 6.3231109706e-05
talal_al3nizy, 5.43980851874e-05
Talal_ali993, 1.39190468237e-05
talalaltuwaijry, 2.6482349514e-05
talall171, 0.025
talhhuc60, 5.07923608289e-05
tamannie0712, 0.25
tamaratom1, 0.0133333333333
TamayoPennyvbp, 0.000101020305081
tamim20022, 0.000179179358538
tarbban, 9.87654320988e-05
tareeq_alhaq_, 3.69358055699e-05
TaReQ_GaZza, 5.02134069797e-05
TarqZn, 0.0112359550562
TasbihIstighfar, 6.16865091604e-05
TASDEEDB, 0.000137287204833
tat2jones76, 0.00169491525424
TatianaLaurens, 7.27299174515e-06
tattoo_ttt, 0.000353481795688
TawFiQ998, 0.000106326422116
tawicifyduly, 0.00398406374502
tawyraqewyg, 0.00591715976331
TCFNGFZ, 1.50897842161e-05
TeamDoyin, 1.51816484234e-05
tech_faq, 2.34934805591e-05
TechJobs_NYC, 4.39618411219e-05
teeeeeenage, 0.000178126113288
teeenaage, 0.000219538968167
TEENlEQUOTES, 5.5090348171e-05
Terresa_Graza, 8.74737578726e-05
TessouhNourelya, 0.111111111111
TestingSaaS, 0.00017614937467
TevonLapointe, 0.00552486187845
TGarcia3380, 4.53905859925e-05
th88th8, 7.73239719778e-06
ThalaBeratung, 0.00022232103157
tharthoooor, 0.000249066002491
thatte_88, 5.00989454172e-06
the_93B, 1.81534328141e-05
TheArtOfNeeti, 1.62887672661e-05
TheAsterik, 0.00126103404792
thebard24, 0.0114942528736
TheBatmanDark, 3.18938572431e-05
TheBatmanDarkk, 0.000326583932071
thebuckmark, 4.50207095264e-05
TheChrisWoodard, 4.49893150377e-06
thecuretobadday, 6.13384039747e-05
THEeLITEX02, 0.0019801980198
TheManays, 0.000137816979052
TheMattODonnell, 2.19485963873e-05
thenadwi, 0.0013698630137
thenortheastHUB, 3.39316616335e-05
TheOfficialTATE, 6.93019903532e-06
TheoWexford, 0.00072939460248
TheRightMelody, 0.000101430165331
therootkr, 1.5814027042e-05
TheStickyLips1, 0.000975609756098
TheTTShow, 0.000551267916207
TheYOUTUBERJosh, 0.000126087504728
Things4Strings, 1.61917098446e-05
ThinkaboutWorld, 3.59195402299e-05
thirst4funk, 0.00177619893428
ThisIsGeeh, 0.003861003861
ThomasSangster0, 0.00434782608696
ThomasTf88856, 0.000822368421053
Thompson22jamie, 0.00244498777506
thorODSN, 0.00118906064209
thothoo_502, 0.00011169440411
THOUGHTTFULMIND, 2.11537241131e-05
tht_6, 0.000101020305081
TicketVortex, 8.52878464819e-05
tifyrocahyx, 0.0037037037037
tijeragibiq, 0.00383141762452
timesywuxiw, 0.00510204081633
tinastullracing, 3.17614587403e-06
tips4innerpeace, 2.66155647823e-05
TipssOfLife, 0.000228414801279
TittyGods, 1.02733744953e-05
tmsr3204, 5.40365286934e-05
To500toFIFA14, 9.90687537151e-05
toaq_, 8.78719178925e-06
ToBFit, 3.12773676967e-05
tohejulyhewe, 0.00403225806452
Tolanii10, 2.40280647797e-05
Tom_Lokilover, 0.000318167356029
Tomeh92, 0.000752445447705
tommoarse4, 0.0138888888889
tomosajilir, 0.00354609929078
Tooooop39, 0.000133368898373
tootoo112546, 0.0077519379845
topnews_ksa, 8.49574363244e-06
TopShelFF706, 4.46249274845e-05
torky773, 0.00255102040816
ToroEasleynvo, 0.000220215811495
toto220_, 0.0192307692308
Totofree17Free, 0.000871839581517
totti_707, 3.83068377705e-05
touri_el, 0.00520833333333
towergrl, 0.000197706603401
towevyricid, 0.00497512437811
toxicuntlrh, 0.00108459869848
toydsr, 9.87556784515e-05
tozyxitifiwa, 0.00657894736842
Tqasym_al7zn, 5.87854917406e-06
tr3052, 0.000827129859388
traductormexico, 0.00261096605744
Trans1110, 3.31729971803e-06
trapicalminded, 0.000114495076712
TrapShady, 5.58291182349e-06
travellerzguide, 0.000212494687633
trook0111, 0.00110619469027
trustmehewill__, 0.00625
ts3ad, 4.46062163223e-06
tshle7714, 1.76102844061e-05
ttfft123, 0.00223214285714
ttthhhjj5555, 2.00204208292e-05
tttrrrr23, 1.05663567202e-05
ttuitdf, 0.00291545189504
tudipazahyca, 0.00546448087432
Tuiterrific, 1.44828884673e-05
Tunde_Pr, 9.03423976872e-05
Tunnababu, 0.000120496445355
tunywojexor, 0.00746268656716
tupacsaidthat, 0.000158252888115
turki90009, 0.000140607424072
turky6868, 0.000278940027894
TURKY_SALAMEH, 2.12449543233e-05
tusocijagyqy, 0.00526315789474
tuweryviqypu, 0.00398406374502
tuwoqolefanu, 0.00380228136882
tvtagArcher, 0.00236966824645
TwamRooo7y, 9.40601044067e-06
TWEET__3JJEB, 0.000364166059723
TWEETQAMP, 3.65777826548e-05
tweetytweeterz, 3.2885001151e-05
twits89, 0.000134752728743
twtRelationship, 2.2968968923e-05
tylernosirrah17, 0.00036469730124
tyniqepisusy, 0.00401606425703
tynogimariso, 0.00361010830325
TypicalJordi_, 0.000808407437348
u3sal1, 6.27431296273e-05
U4oiTYFGvgaLn4a, 0.000550964187328
U8qmw1PgY9tW8mA, 0.000480307396734
U_9, 7.93550025394e-06
uae165, 1.38149214967e-06
uk_agency, 0.000322997416021
UKBeerNetwork, 0.0018018018018
ultimatefactzme, 0.000439367311072
ummudi1433, 0.000119019281124
un991, 0.00757575757576
Uniquebadoo, 0.00434782608696
UserCreatedTop5, 3.60893572485e-05
uyuali, 7.52955349748e-05
v900z, 2.14790471895e-05
vajihutifuqu, 0.00704225352113
Valbadaya, 0.000323729362253
valeaniano, 0.00224215246637
Valeria_Alzate_, 0.00456621004566
valunixamamy, 0.00460829493088
VampreDiiaries, 0.000108719286801
vanluvz1, 4.18462568523e-05
variablestir, 0.000784929356358
varugedajoga, 0.00869565217391
Vashtiiar, 9.11161731207e-05
vbn97531jkl, 0.000372162262747
vegihycuvuca, 0.00540540540541
VellaDamron, 0.0008038585209
velopudoraro, 0.00793650793651
vemt00, 1.36943342431e-06
veqanogelov, 0.00393700787402
veraxeva, 8.52151683e-05
veronicaacruzz, 0.00413223140496
vffggj41gmailc1, 0.002079002079
VGxqRqiDtbjOMSY, 0.00133155792277
vib__M15, 5.1891443101e-05
vigenoqyjuv, 0.0045871559633
ViiaTumblrr, 0.000141382723031
VijayRa60212756, 0.00352112676056
ville67, 0.00015931177314
VIp________1, 2.28817243667e-05
vip_qqsed, 3.12441417234e-05
VIPQ8News, 9.27213722763e-05
viptoursiceland, 0.00307692307692
viralhood, 0.00540540540541
vivodilarry, 0.000877192982456
viwagemunus, 0.00704225352113
vKuwaity, 1.43030823142e-05
VLWorthy, 0.000621890547264
vocarasuveny, 0.00425531914894
VodafoneIN, 4.32114769683e-06
vokuwesijam, 0.00729927007299
voliloxacedu, 0.00793650793651
vusigulyfow, 0.00574712643678
vuv406, 0.000318369945877
vvcco, 3.43607188262e-05
vvpreetham, 3.90625e-05
Vx3assassin, 0.0204081632653
vynokugodap, 0.00485436893204
W12F12, 2.52359561904e-05
w8f____, 2.31738969225e-05
w_2x5, 2.94837397175e-05
w_3a, 0.000185770016719
waad_04, 7.05367849333e-05
wadaq_0o, 4.00817668043e-05
wadyzugosip, 0.00434782608696
waelahmed2020, 0.000126390293225
WaelhakimiWh, 0.000158906721754
wafi_alsoliman, 3.85906687763e-05
waficunidimo, 0.00657894736842
waham26, 4.20994135552e-06
WahashWailan, 7.92330243245e-05
wakko_i, 0.000323729362253
waleed22129, 0.00159744408946
waleed6617, 2.28498309113e-05
waleed_alnassar, 2.86147594929e-05
WalesWestEnergy, 0.00327868852459
walrfaaq14161, 2.59875259875e-05
WandaReneeVille, 0.00172117039587
WardCrap, 0.000804505229284
waref_0, 0.000370507595406
warefmado, 0.0047619047619
warismhashmi, 0.125
warmsnuffle, 0.000667556742323
wasim_dr, 3.3638320775e-05
watheqa110841, 0.000634517766497
wawa_w2014, 1.63331972234e-05
wazetyzesol, 0.0036231884058
WDOAMitti, 0.0015873015873
Wed_Graciously, 0.00119331742243
wehuzibegyma, 0.00452488687783
wejepatovupa, 0.00381679389313
Welha02, 0.00161812297735
WelovegamingRt, 5.14059528093e-05
wemepybyqot, 0.0036231884058
wesooowes, 0.00313479623824
wfaqih91m, 8.0971659919e-05
wfwf7266, 3.16585937253e-05
WhatPain, 5.3242466191e-05
whiteheart1000, 4.73484848485e-05
Whitetigress1, 7.41839762611e-05
whitttman, 0.000314960629921
wicepipugus, 0.00649350649351
wickedfactz, 0.000493583415597
wifoxybapod, 0.00537634408602
wildcheris, 0.0263157894737
will_chiyti, 0.000300571085062
willferreltwitt, 4.07149546028e-05
WillSummers0403, 0.05
wipakozovuq, 0.00531914893617
WisamJAMAL, 0.000251889168766
wisssdommm, 0.000126119308866
witchclocks, 0.000896860986547
wizmeekkid1, 0.00119474313023
Wjd_Rohy, 1.15899028766e-05
WJF_Hyonn, 0.00016583747927
wmmw123, 2.64690312335e-05
wnasah22, 0.00229357798165
wocelopixuk, 0.00396825396825
wokogiqymise, 0.0062893081761
women867, 0.000271444082519
women_2050, 0.001443001443
wonderboylrh, 0.00632911392405
woowoo7766, 0.000431592576608
wordsofhumans, 2.57758531807e-05
wordsofladies, 2.85103349964e-05
world__proverb, 2.42412489091e-05
WorldStaarr, 1.34080609262e-05
WoWFunniest, 9.87644566473e-06
wpkofficial, 1.59680638723e-05
wqwq1221, 1.19964490511e-05
Writ1778, 8.45165652468e-05
WTFFacttss, 0.000711237553343
WTFTheRealJoJo, 6.87363644237e-07
wugakoqinev, 0.00518134715026
www23318846, 0.000793021411578
wwwnhrhggigjfye, 0.000876424189308
wygexajyhyda, 0.00355871886121
wymohowykipe, 0.00384615384615
wysifibafoza, 0.00371747211896
wyzodeqipoge, 0.00367647058824
xabepekewup, 0.0036496350365
xapavigorex, 0.00709219858156
xasx_57, 5.84316933505e-05
xatexukusime, 0.00609756097561
XavierLockeDJ, 0.00040404040404
xazehassn, 0.000189501610764
xemawuwotuf, 0.00337837837838
xemexacywyq, 0.0030303030303
xewowuqymecu, 0.00609756097561
xewytenurego, 0.00515463917526
xf209, 3.40344428562e-05
xHeyCharliex, 0.000173761946134
xiilii_, 3.79290726342e-05
ximz16, 2.36630383341e-05
xirykimonax, 0.00632911392405
xLEEH1, 0.00434782608696
xo_tiina, 8.81989768919e-05
xp_xp33, 0.00193798449612
xPrinC1, 0.000314169022934
xpxqxp, 4.38091149245e-06
XtinaBae, 0.00089605734767
xutyfokeqyby, 0.0037037037037
xx_naana, 0.0031746031746
xxccvv151, 1.9353590091e-05
xynygosurob, 0.00384615384615
xynyrebocub, 0.00729927007299
xYxq8, 0.000128915817971
xzxzqq17, 0.000318369945877
y_o2o, 9.08925649882e-05
Ya2311, 4.09265777196e-05
yahya_022, 9.82221785679e-05
yahya__20, 0.000127388535032
yahya_alngee26, 6.4850843061e-05
yanely102301, 0.000936329588015
YAOWEI_, 0.0042194092827
yaroo7roo7e, 1.23886569457e-05
yaseer_311, 0.00602409638554
yassera76414025, 0.00277008310249
YatiNose, 0.00429184549356
YaVuMbKXKPFAHkw, 0.0434782608696
yawh101, 0.00299401197605
yayoisakisaki, 0.000783085356304
yazeed5060, 1.49696116883e-05
yearningblare, 0.000747384155456
ynovak, 1.0388962766e-05
YodelOnline, 3.77600724993e-05
yomna_kamal, 0.008
YoubidderSniper, 0.0016501650165
your_hlth, 2.96524730162e-05
yousifzin2010, 8.49401172174e-05
YouTubeSeed, 0.000709219858156
YouurMotivation, 0.000190258751903
yr_saa, 1.29020604591e-05
YSR_N, 0.00048971596474
yth889, 0.00420168067227
yuksholat, 2.90528762347e-05
z2z50000, 4.25242388161e-05
za_samar, 0.000164284540825
zafer01241, 3.18796225453e-05
zafer_s_s, 0.000297796307326
ZahraaFahmyy, 4.13527305208e-06
zain_ali_99, 8.45737483085e-05
zajiqawakybe, 0.00671140939597
zajumucoloz, 0.00653594771242
zakerne, 0.00564971751412
ZatICanDo, 0.0138888888889
zaynetas, 0.000332557366146
Zbz2012, 3.39893273512e-05
ZeadALraddadi, 3.12578144536e-05
zeboraqejyvy, 0.00520833333333
zedan_emad, 0.000162284972412
zedocucepel, 0.00396825396825
zeen9090, 0.000272925764192
zemisofojob, 0.00546448087432
zeqogajimiw, 0.00389105058366
zho11122, 7.63591936469e-05
ziado_99, 0.0294117647059
ziqekeceboj, 0.00311526479751
zivaqyrefefa, 0.00373134328358
ziwezomuhid, 0.00684931506849
ziwyqifitozu, 0.004
znm1002, 3.81956380581e-05
zokemaculyw, 0.00359712230216
zomutipapako, 0.00518134715026
zozywomanut, 0.00571428571429
zubyduvubom, 0.00413223140496
zwag_d3m, 0.000120351426164
zx75574, 0.000118189339322
zydilonopexy, 0.00381679389313
zygopuhekuba, 0.00377358490566
zyood505gg, 0.000492368291482
Zzgg525, 3.20204931156e-06
